company,example_job_title,example_job_url,source,term
Amphenol Technical Products International Co.,QA (quality assurance) engineer,https://www.jobbank.gc.ca/jobsearch/jobposting/48913997;jsessionid=73A7CABB142F0DAB5617C738736F7308.jobsearch76?source=searchresults,JobBank.gc.ca,qa
RBC Dominion Securities,quality assurance (QA) engineer,https://www.jobbank.gc.ca/jobsearch/jobposting/48909142;jsessionid=73A7CABB142F0DAB5617C738736F7308.jobsearch76?source=searchresults,JobBank.gc.ca,qa
City of Langley,"director engineering service, quality assurance",https://www.jobbank.gc.ca/jobsearch/jobposting/48562003;jsessionid=3EAD8A5125F8FE7FD975B040932F6511.jobsearch74?source=searchresults,JobBank.gc.ca,quality assurance
District of Hope,"director engineering service, quality assurance",https://www.jobbank.gc.ca/jobsearch/jobposting/48233049;jsessionid=3EAD8A5125F8FE7FD975B040932F6511.jobsearch74?source=searchresults,JobBank.gc.ca,quality assurance
EPICCLOUD CONSULTANCY SERVICES INC.,software tester,https://www.jobbank.gc.ca/jobsearch/jobposting/48921698;jsessionid=8FF3AFDC232F60AEAF66D2D8ED8FD6E3.jobsearch74?source=searchresults,JobBank.gc.ca,software tester
OMIKAN TECHNOLOGIES INC.,software tester,https://www.jobbank.gc.ca/jobsearch/jobposting/48554010;jsessionid=8FF3AFDC232F60AEAF66D2D8ED8FD6E3.jobsearch74?source=searchresults,JobBank.gc.ca,software tester
Ancile Canada Inc,software tester,https://www.jobbank.gc.ca/jobsearch/jobposting/48199276;jsessionid=8FF3AFDC232F60AEAF66D2D8ED8FD6E3.jobsearch74?source=searchresults,JobBank.gc.ca,software tester
Snaplii Inc.,software tester,https://www.jobbank.gc.ca/jobsearch/jobposting/46336927;jsessionid=8FF3AFDC232F60AEAF66D2D8ED8FD6E3.jobsearch74?source=searchresults,JobBank.gc.ca,software tester
Sun CyberNET,software tester,https://www.jobbank.gc.ca/jobsearch/jobposting/48913046;jsessionid=8FF3AFDC232F60AEAF66D2D8ED8FD6E3.jobsearch74?source=searchresults,JobBank.gc.ca,software tester
Lumentum LLC,electronics test engineer,https://www.jobbank.gc.ca/jobsearch/jobposting/48100432;jsessionid=EE409330FDF8EE5B25C91E4D8E155FDA.jobsearch75?source=searchresults,JobBank.gc.ca,test engineer
ZEBRA PAPER CONVERTERS INC.,printing press operator,https://www.jobbank.gc.ca/jobsearch/jobposting/48921066;jsessionid=605078DA78712D046A5307DB75CDB591.jobsearch76?source=searchresults,JobBank.gc.ca,sdet
MYC Graphics Inc,printing press operator,https://www.jobbank.gc.ca/jobsearch/jobposting/48916212;jsessionid=605078DA78712D046A5307DB75CDB591.jobsearch76?source=searchresults,JobBank.gc.ca,sdet
Great News Media Ltd.,printing press operator,https://www.jobbank.gc.ca/jobsearch/jobposting/48915428;jsessionid=605078DA78712D046A5307DB75CDB591.jobsearch76?source=searchresults,JobBank.gc.ca,sdet
Imprimerie Multiplus Inc,printing press operator,https://www.jobbank.gc.ca/jobsearch/jobposting/48913670;jsessionid=605078DA78712D046A5307DB75CDB591.jobsearch76?source=searchresults,JobBank.gc.ca,sdet
Graphic Prints,printing press operator,https://www.jobbank.gc.ca/jobsearch/jobposting/48900454;jsessionid=605078DA78712D046A5307DB75CDB591.jobsearch76?source=searchresults,JobBank.gc.ca,sdet
Solisco,"assistant operator, printing press",https://www.jobbank.gc.ca/jobsearch/jobposting/48900106;jsessionid=605078DA78712D046A5307DB75CDB591.jobsearch76?source=searchresults,JobBank.gc.ca,sdet
Inter Label Systems Ltd.,flexographic press operator - printing,https://www.jobbank.gc.ca/jobsearch/jobposting/48899788;jsessionid=605078DA78712D046A5307DB75CDB591.jobsearch76?source=searchresults,JobBank.gc.ca,sdet
Garma Impression Inc,press operator - printing,https://www.jobbank.gc.ca/jobsearch/jobposting/48896811;jsessionid=605078DA78712D046A5307DB75CDB591.jobsearch76?source=searchresults,JobBank.gc.ca,sdet
IMPRESSION RIVE-SUD INC,first press operator - printing,https://www.jobbank.gc.ca/jobsearch/jobposting/48920949;jsessionid=605078DA78712D046A5307DB75CDB591.jobsearch76?source=searchresults,JobBank.gc.ca,sdet
REGIE INTERMUNICIPALE MATIERES RESIDUELLES GASPESIE,apprentice press operator,https://www.jobbank.gc.ca/jobsearch/jobposting/48914173;jsessionid=605078DA78712D046A5307DB75CDB591.jobsearch76?source=searchresults,JobBank.gc.ca,sdet
CONVERTEX INC.,assistant press operator - printing,https://www.jobbank.gc.ca/jobsearch/jobposting/48825400;jsessionid=605078DA78712D046A5307DB75CDB591.jobsearch76?source=searchresults,JobBank.gc.ca,sdet
LABELINK PRODUCTS INC.,flexographic press operator,https://www.jobbank.gc.ca/jobsearch/jobposting/48758085;jsessionid=605078DA78712D046A5307DB75CDB591.jobsearch76?source=searchresults,JobBank.gc.ca,sdet
Rayacom,offset press operator,https://www.jobbank.gc.ca/jobsearch/jobposting/48646381;jsessionid=605078DA78712D046A5307DB75CDB591.jobsearch76?source=searchresults,JobBank.gc.ca,sdet
PaperWorks,printing press operator,https://www.jobbank.gc.ca/jobsearch/jobposting/48644926;jsessionid=605078DA78712D046A5307DB75CDB591.jobsearch76?source=searchresults,JobBank.gc.ca,sdet
IMPRIMERIE F.L. WEB INC.,press operator - printing,https://www.jobbank.gc.ca/jobsearch/jobposting/48550771;jsessionid=605078DA78712D046A5307DB75CDB591.jobsearch76?source=searchresults,JobBank.gc.ca,sdet
Independent Paper Converters,flexographic press operator,https://www.jobbank.gc.ca/jobsearch/jobposting/48897303;jsessionid=605078DA78712D046A5307DB75CDB591.jobsearch76?source=searchresults,JobBank.gc.ca,sdet
Digital Labels,printing press operator,https://www.jobbank.gc.ca/jobsearch/jobposting/48519821;jsessionid=605078DA78712D046A5307DB75CDB591.jobsearch76?source=searchresults,JobBank.gc.ca,sdet
C.A.R.E. Montmagny-L'Islet,apprentice press operator,https://www.jobbank.gc.ca/jobsearch/jobposting/48804827;jsessionid=605078DA78712D046A5307DB75CDB591.jobsearch76?source=searchresults,JobBank.gc.ca,sdet
Les Produits Labelink,press operator - printing,https://www.jobbank.gc.ca/jobsearch/jobposting/48399506;jsessionid=605078DA78712D046A5307DB75CDB591.jobsearch76?source=searchresults,JobBank.gc.ca,sdet
Distrimedic,flexographic press operator - printing,https://www.jobbank.gc.ca/jobsearch/jobposting/48527900;jsessionid=605078DA78712D046A5307DB75CDB591.jobsearch76?source=searchresults,JobBank.gc.ca,sdet
Advantag,offset machine operator,https://www.jobbank.gc.ca/jobsearch/jobposting/48525427;jsessionid=417DA5DD7C6E48CD05A0EF78A2E32C26.jobsearch75?source=searchresults,JobBank.gc.ca,sdet
V-SHAPES NORTH AMERICA COPACKING INC.,printing technologist,https://www.jobbank.gc.ca/jobsearch/jobposting/48897102;jsessionid=417DA5DD7C6E48CD05A0EF78A2E32C26.jobsearch75?source=searchresults,JobBank.gc.ca,sdet
Supremex Inc,printing press operator,https://www.jobbank.gc.ca/jobsearch/jobposting/48307352;jsessionid=417DA5DD7C6E48CD05A0EF78A2E32C26.jobsearch75?source=searchresults,JobBank.gc.ca,sdet
Groupe Magnitude,printing press operator,https://www.jobbank.gc.ca/jobsearch/jobposting/48895936;jsessionid=417DA5DD7C6E48CD05A0EF78A2E32C26.jobsearch75?source=searchresults,JobBank.gc.ca,sdet
Imprimerie Dominion printing inc,offset press operator,https://www.jobbank.gc.ca/jobsearch/jobposting/48227181;jsessionid=417DA5DD7C6E48CD05A0EF78A2E32C26.jobsearch75?source=searchresults,JobBank.gc.ca,sdet
Imprimerie Ste-Julie inc,printing press operator,https://www.jobbank.gc.ca/jobsearch/jobposting/48188958;jsessionid=417DA5DD7C6E48CD05A0EF78A2E32C26.jobsearch75?source=searchresults,JobBank.gc.ca,sdet
C.A.R.E. Montmagny-L'Islet-Service de placement,assistant press operator - printing,https://www.jobbank.gc.ca/jobsearch/jobposting/48220005;jsessionid=417DA5DD7C6E48CD05A0EF78A2E32C26.jobsearch75?source=searchresults,JobBank.gc.ca,sdet
SUPREMEX INC.,"assistant operator, printing press",https://www.jobbank.gc.ca/jobsearch/jobposting/48217579;jsessionid=417DA5DD7C6E48CD05A0EF78A2E32C26.jobsearch75?source=searchresults,JobBank.gc.ca,sdet
Newprint,offset press operator - printing,https://www.jobbank.gc.ca/jobsearch/jobposting/48791914;jsessionid=417DA5DD7C6E48CD05A0EF78A2E32C26.jobsearch75?source=searchresults,JobBank.gc.ca,sdet
Les entreprises Carosielli Inc.,press operator - printing,https://www.jobbank.gc.ca/jobsearch/jobposting/47953091;jsessionid=417DA5DD7C6E48CD05A0EF78A2E32C26.jobsearch75?source=searchresults,JobBank.gc.ca,sdet
Marquis imprimeur inc.,rotary press operator,https://www.jobbank.gc.ca/jobsearch/jobposting/47900686;jsessionid=417DA5DD7C6E48CD05A0EF78A2E32C26.jobsearch75?source=searchresults,JobBank.gc.ca,sdet
Prodigy Graphics,printing press operator,https://www.jobbank.gc.ca/jobsearch/jobposting/47523154;jsessionid=417DA5DD7C6E48CD05A0EF78A2E32C26.jobsearch75?source=searchresults,JobBank.gc.ca,sdet
Polynova Industries Inc.,rotogravure pressman/woman - printing,https://www.jobbank.gc.ca/jobsearch/jobposting/48450232;jsessionid=417DA5DD7C6E48CD05A0EF78A2E32C26.jobsearch75?source=searchresults,JobBank.gc.ca,sdet
Allegra Design Print Mail,printing press operator,https://www.jobbank.gc.ca/jobsearch/jobposting/48006095;jsessionid=417DA5DD7C6E48CD05A0EF78A2E32C26.jobsearch75?source=searchresults,JobBank.gc.ca,sdet
Rayacom Print and Packaging BC Ltd.,offset press operator,https://www.jobbank.gc.ca/jobsearch/jobposting/47372468;jsessionid=417DA5DD7C6E48CD05A0EF78A2E32C26.jobsearch75?source=searchresults,JobBank.gc.ca,sdet
BCH Image Inc,offset press operator,https://www.jobbank.gc.ca/jobsearch/jobposting/46897447;jsessionid=417DA5DD7C6E48CD05A0EF78A2E32C26.jobsearch75?source=searchresults,JobBank.gc.ca,sdet
Okanagan Ribbons,Digital press operator,https://www.jobbank.gc.ca/jobsearch/jobposting/48895154;jsessionid=417DA5DD7C6E48CD05A0EF78A2E32C26.jobsearch75?source=searchresults,JobBank.gc.ca,sdet
All Labels Packaging Ltd,printing press operator,https://www.jobbank.gc.ca/jobsearch/jobposting/47623411;jsessionid=417DA5DD7C6E48CD05A0EF78A2E32C26.jobsearch75?source=searchresults,JobBank.gc.ca,sdet
Clubhouse Indoor Golf Canada Inc.,systems testing technician,https://www.jobbank.gc.ca/jobsearch/jobposting/48783346;jsessionid=D24A139949BBCDF286B67E11EB55482D.jobsearch76?source=searchresults,JobBank.gc.ca,automation tester
Kimtech Geomatics,systems testing technician,https://www.jobbank.gc.ca/jobsearch/jobposting/48760572;jsessionid=D24A139949BBCDF286B67E11EB55482D.jobsearch76?source=searchresults,JobBank.gc.ca,automation tester
ANET Fiber Tech Inc.,systems tester,https://www.jobbank.gc.ca/jobsearch/jobposting/48638650;jsessionid=D24A139949BBCDF286B67E11EB55482D.jobsearch76?source=searchresults,JobBank.gc.ca,automation tester
H &amp; M GLOBAL CONSULTING INC.,systems tester,https://www.jobbank.gc.ca/jobsearch/jobposting/48550754;jsessionid=D24A139949BBCDF286B67E11EB55482D.jobsearch76?source=searchresults,JobBank.gc.ca,automation tester
BrightOrder Inc.,software testing technician,https://www.jobbank.gc.ca/jobsearch/jobposting/48412765;jsessionid=D24A139949BBCDF286B67E11EB55482D.jobsearch76?source=searchresults,JobBank.gc.ca,automation tester
Futures Canadian College of Business Health &amp; Technology,systems testing technician,https://www.jobbank.gc.ca/jobsearch/jobposting/48103183;jsessionid=D24A139949BBCDF286B67E11EB55482D.jobsearch76?source=searchresults,JobBank.gc.ca,automation tester
LES SOLUTIONS HUWIZ INC.,video game tester,https://www.jobbank.gc.ca/jobsearch/jobposting/48097574;jsessionid=D24A139949BBCDF286B67E11EB55482D.jobsearch76?source=searchresults,JobBank.gc.ca,automation tester
WHITFIELD LIGHTING &amp; FURNITURE,"technician, application testing",https://www.jobbank.gc.ca/jobsearch/jobposting/47871394;jsessionid=D24A139949BBCDF286B67E11EB55482D.jobsearch76?source=searchresults,JobBank.gc.ca,automation tester
Star POS,systems testing technician,https://www.jobbank.gc.ca/jobsearch/jobposting/47745094;jsessionid=D24A139949BBCDF286B67E11EB55482D.jobsearch76?source=searchresults,JobBank.gc.ca,automation tester
Agilehive Inc,systems testing technician,https://www.jobbank.gc.ca/jobsearch/jobposting/47781834;jsessionid=D24A139949BBCDF286B67E11EB55482D.jobsearch76?source=searchresults,JobBank.gc.ca,automation tester
Storage Guardian,software testing technician,https://www.jobbank.gc.ca/jobsearch/jobposting/47273240;jsessionid=D24A139949BBCDF286B67E11EB55482D.jobsearch76?source=searchresults,JobBank.gc.ca,automation tester
