company,example_job_title,example_job_url,location,source
Evolving Web,Manual QA (Remote),https://www.workopolis.com/jobsearch/viewjob/29MQRIxZuIQYJDVOihwglE8ASTMM-d-8zDzYDN37f-80Xd6U6em2--fqYNkAPZ3H,"Montr??al, QC",Workopolis
NTT DATA,QA Tester,https://www.workopolis.com/jobsearch/viewjob/G6kGaFrPoWgmhjiZtj3in8CcBIatGxh75Rb-C-ShTACcagsqFfU-TD57hE0dQoS9,"Tiverton, ON",Workopolis
Traction Rec,QA Analyst,https://www.workopolis.com/jobsearch/viewjob/bi1E339N24d5fA9ZMDj44dhEcs9NmL6IUeqA1_06mwJ2-Td6zsxkVhsRusnQEMwF,"Vancouver, BC",Workopolis
BioConnect,QA Specialist,https://www.workopolis.com/jobsearch/viewjob/ZlBEixTNEPuVSY1O_kaXssuYCcBham3QjeMd0NNXGQUT5WuWiW-NUWhjQQRbEDgu,"Toronto, ON",Workopolis
MealSuite,Intermediate QA,https://www.workopolis.com/jobsearch/viewjob/IqQXOrGESiKqDLOTUwahY4uHViyYlUFOLYJaV7JyuISeR_73QiohnhtOof4GKlCA,"Cambridge, ON",Workopolis
DanceBUG Inc.,QA Analyst/ QA Specialist,https://www.workopolis.com/jobsearch/viewjob/I0Wds1_kfgI51lGWxWt8JpBIUFaSLJdJYGjGPjwIczdW7WxDGx5y5U8TbhWLPI87,"King City, ON",Workopolis
Paralucent,Intermediate QA (PL805),https://www.workopolis.com/jobsearch/viewjob/CZY8ZLg37JQX6JFF7GAbysDL6MMzxguS7FV8nnKcmPHn_suYSbvlgyWbz-6NjAdl,"Toronto, ON",Workopolis
Embross,Software QA Specialist,https://www.workopolis.com/jobsearch/viewjob/kjAP8jn-f3BDXKulDXl9MWHqwY7YxE_DetgSqCJiYBoIsa01NYFgrxsAyktmzgol,"Richmond Hill, ON",Workopolis
First Canadian Insurance Corporation,QA Testing Analyst I,https://www.workopolis.com/jobsearch/viewjob/33vwSA_1Wp76X7CsaM4NdMQYan60a_tuZEpsAL96Qf4uy5xY6XsLV-qbe_cqWhsO,"Sherwood Park, AB",Workopolis
Archon Systems Inc,Quality Assurance (QA) Analyst,https://www.workopolis.com/jobsearch/viewjob/GlgI67aCTlZ5DpqN365WsJhQIuB45A9H0fJIKKaU0Jkm6cEjb8HpmZ_XTCybA2Od,"Toronto, ON",Workopolis
Evertz Microsystems Limited,Junior QA Engineer,https://www.workopolis.com/jobsearch/viewjob/2G59CpieccK7nPPJ83CsEX2F9IhxruvWu3S9Cz2nTQX8RF37VGtnjF5f_xN8UhLS,"Burlington, ON",Workopolis
RETCO Research & Technology Solutions Inc.,QA Analyst (Quality Assurance Analyst),https://www.workopolis.com/jobsearch/viewjob/MGpn1csNFct38kOm1ND51rKmsmhpaeYbV24gxVXCHtlgcEYreupZPmcAb5n1B3Of,"Halifax, NS",Workopolis
h2o.ai,QA Engineer,https://www.workopolis.com/jobsearch/viewjob/NdliQ922Y3cqnuKOirpKX5jH-Q18PD8Ql5mIjWMa6h0CKj2mS1-DBgv2owd6dw8T,"Vancouver, BC",Workopolis
Fintel Connect,QA Engineer,https://www.workopolis.com/jobsearch/viewjob/LPbIiSeyIBCwzdxLEhwogmGIT8TyFihz0suf3z6AqIZt8aZ6Ry3Pxhm-B-MZ1jBG,"Vancouver, BC",Workopolis
LawDepot,Quality Assurance (QA) Analyst - Manual Testing,https://www.workopolis.com/jobsearch/viewjob/6lnujNcjrxUM-ymooWMM_DBVJsJZ8gNoDEDpTxmwd-VTxgbYXKXso5t7TsqBzOs9,"Edmonton, AB",Workopolis
MinuteBox,QA Engineer,https://www.workopolis.com/jobsearch/viewjob/z0R-IGQDg_ktiokgiZYha57qsOSRVT6Ds28XTO1M3vsTqTiRIlTSuKhA8KIQAaX2,"Toronto, ON",Workopolis
BI Canada Ltd,QA Compliance Associate (17 Months Job Rotation),https://www.workopolis.com/jobsearch/viewjob/yh-nBak-HVC-TXX3lxhV4BejGAGZ148NSohKwHWz5ugtPAfsT5z3F7rHYqtVzC9f,"Burlington, ON",Workopolis
Borealis,Analyste QA,https://www.workopolis.com/jobsearch/viewjob/on0_h4cbSU4grRY_gAJThVqbMz1tkBDantHQ-9toriJhMxOAIf__sdv1WrQOEig_,Remote,Workopolis
CGI,QA Lead,https://www.workopolis.com/jobsearch/viewjob/o13ROfcn4j6JU7CHO7Upb9vqshUT5ZvKxs_g7NHNGXwumAG1G1bispGruwZi0sox,"Toronto, ON",Workopolis
MyBeacon Services Inc,QA Engineer,https://www.workopolis.com/jobsearch/viewjob/9vMBg3sDq22PpZJlK5EcVnmMO5jgrbqNrc_vOqMHoqHd5eSzruWguxnW6YKc3yqw,"Toronto, ON",Workopolis
Chef Brandz Inc.,QA Supervisor,https://www.workopolis.com/jobsearch/viewjob/DFlmz4Or6I4_8DAybJ0gU_SQzbGICOlvCd2K8M2mgVlbSr-U4csV3S8RmEG6KT7I,"Mississauga, ON",Workopolis
Security Compass,"Manager, QA",https://www.workopolis.com/jobsearch/viewjob/46HydsEEYWmxhCxdTSMFOBLNfQnVKvlIMzk6tfZv5BMYK3ze1heF0728iFXkH8c_,"Toronto, ON",Workopolis
Freshstone Brands Inc.,QA Technician,https://www.workopolis.com/jobsearch/viewjob/agyD3mF0V6jp5g_gITgqx_ktifP2zybL5Gnn9G_T1qh5lKVHjV9F69ktqa1-uh_X,"Etobicoke, ON",Workopolis
FISPAN,QA Engineer - II,https://www.workopolis.com/jobsearch/viewjob/W7IU5pImblNg-4NQkTgaHZMDtPL9aGJ6R_mJl9FgKmH-2wCdOI3nmK9LAbzDPe3M,"Vancouver, BC",Workopolis
High Tech Genesis,SOFTWARE QA ENGINEER,https://www.workopolis.com/jobsearch/viewjob/PMM5PU3_5hxPpTY_-eBRi5YiElajSNBMqR_eEjVO5jQx_C4PtaDW49HqMiXZtQmn,"Ottawa, ON",Workopolis
Finlink Group,Senior QA Engineer,https://www.workopolis.com/jobsearch/viewjob/CFbR7Zu7y1OuooRW1on35hxNBpY3kM7ZguvpDR9Xkdpho545LKOR9B2074_ABXww,"Scarborough, ON",Workopolis
Statflo,QA Analyst,https://www.workopolis.com/jobsearch/viewjob/Mc3ONT_QprvQODbTh46kGTmldVWphC7Y7jqhYpfD0ACOdbv9FwTQDG2wb5edMpRh,"Toronto, ON",Workopolis
goeasy,Data Quality Assurance (QA) Engineer,https://www.workopolis.com/jobsearch/viewjob/3NPxudFRA-EHbu6peJUoFMgV_2U_3voAvNuZ9JX7gNt1B7ABzJVTJrbC2Ao0UuPf,"Mississauga, ON",Workopolis
Push Operations,QA Automation Engineer,https://www.workopolis.com/jobsearch/viewjob/wwLZo1jCx6xfH7yWkZEZEc_ThJcXwFq4ypbt6qSgSfcQRAsedqQtNOU53S4zBVcq,"Vancouver, BC",Workopolis
Felix Payment Systems,QA Analyst,https://www.workopolis.com/jobsearch/viewjob/hsM7bbK_ly1hT16vNhcWjM5vTgAs7MJ2PCXK0tJ6ER_mTpYFUk93QEormzFWXvAT,"Vancouver, BC",Workopolis
Fastr,QA Developer,https://www.workopolis.com/jobsearch/viewjob/vWsQ9Ne5dVmnivd1zOlbgujhHkB1ocXUxd5VKgtrYXhEw7cNy8QwYzlRB75x3NVg,"North York, ON",Workopolis
TradableBits Media Inc.,Quality Assurance (QA) Analyst,https://www.workopolis.com/jobsearch/viewjob/amsaGCC3m_xQerw76ixVgQiPhfLglmYG3KsUmh1XCMHotV_4SWd2hZWIwSFuB9dD,"Vancouver, BC",Workopolis
Algo Communication Products,Intermediate QA Engineer,https://www.workopolis.com/jobsearch/viewjob/4FDxCGAFNkRzsCBdvyc1UEz9e--J63LqYFPUSIWq6VRPNugl-v6d_hDUO7BolSOm,"Burnaby, BC",Workopolis
Raz Design Inc,Quality Assurance (QA) Associate,https://www.workopolis.com/jobsearch/viewjob/kNjfLG1Wxs9in-N82vbhwY8jSqeRLgrqdimmq29I0h8TgtDZCiwk8IDu_ljsr9S8,"North York, ON",Workopolis
Connexall,QA Engineer,https://www.workopolis.com/jobsearch/viewjob/V0mmLgiVemS3NkfMANIypts_4PCxZtPswxCZyb46iU4y490DXGNzBNCQPVK6qyFh,"Toronto, ON",Workopolis
Xsolla,Intermediate QA Engineer,https://www.workopolis.com/jobsearch/viewjob/bC3hHaZh9rxojnROxC_rp_WxnUOGJ9B8a-1TxSU3HLIP9j6kDVXwltlQZhSqJ_Hg,"Montr??al, QC",Workopolis
RMSI,QA Engineer,https://www.workopolis.com/jobsearch/viewjob/IHxT2j7Uf6ZkbTNMAJsF-DWaPrLcKt501z8qTzrrNHGuV5XvsCVWazSuCIi-mROx,"Toronto, ON",Workopolis
ABCorp NA Inc.,Quality Assurance Specialist,https://www.workopolis.com/jobsearch/viewjob/REro7XicZFTgDfZDathD2DoSf_uzi00dBU96jGhoalq4iLqM1744RdgzOWUhLJud,"Scarborough, ON",Workopolis
Atlantis IT group,QA Developer,https://www.workopolis.com/jobsearch/viewjob/z8vzW3vhxMiQ1mdlmcLkXy4HmfSDJH8vGv8n5hvJPupHTdI1gH8oD9zQkEUTfIsG,"Toronto, ON",Workopolis
KG SprayPak Inc.,QA Technician,https://www.workopolis.com/jobsearch/viewjob/H2jZbITpR-TLnOjDmlZz7p34O71Hvu84rKdpren5qiRY0QuMcfu16d1G7WF5dVap,"Mississauga, ON",Workopolis
Legrand North America,Software Quality Assurance Analyst,https://www.workopolis.com/jobsearch/viewjob/tAWARE0n4ymHw-7oAwnyOwT0UyEtI4FamFmp1J8ucYENvKex00SE6gjRg3Wxh3PU,"Markham, ON",Workopolis
DDS WIRELESS INTL INC.,QA Specialist,https://www.workopolis.com/jobsearch/viewjob/feVV2ZarlHAVOh3fieSz3BpHIqUNTHku3LtmR86fxkct75R6OjvkE_7ZhK8g3Mjw,"Vancouver, BC",Workopolis
NextStar Energy,QA Inspector,https://www.workopolis.com/jobsearch/viewjob/UDsOul0y-16GIaW7bIMTvzTP--ee-SDxnJktyNVjjW4F0BOWm_rwo5fsLjDf29Xk,"Windsor, ON",Workopolis
Adlib Software,Software QA Lead (Temporary),https://www.workopolis.com/jobsearch/viewjob/l4g1lxnXMSKhhMJATeLELmvqUAi0V7kjQwLENIc0v4Xl16kJ1nnpo8RIQxI4uvR6,Ontario,Workopolis
Millsie Fine Foods,QA Technician,https://www.workopolis.com/jobsearch/viewjob/y-XXpOf8TeGRsCPWWRIWtdBAup2LQiiv713OGGg9Lbs9zk7DgKoDZpYgz9bVXJzy,"Richmond, BC",Workopolis
Karmakarah Technologies Inc.,QA Analyst,https://www.workopolis.com/jobsearch/viewjob/SmRXOyNtqYevxvys3WjUeEt9TdJ4rQonG3ggLJdYVk5EgF9QrekoaBp-PWNe46rv,"Moncton, NB",Workopolis
Motion Metrics International Corp.,Quality Assurance Specialist,https://www.workopolis.com/jobsearch/viewjob/1txabjlNwdHBMoLtRY5-twd-zhm_Sp-L3_NldkhrA-BrRRFxXexNoek4RnG8_owU,"Vancouver, BC",Workopolis
Acosta,Front End Quality Assurance Analyst Whirlpool,https://www.workopolis.com/jobsearch/viewjob/t81RjFQ8NMNRM9LQRmc_5VRCHynMp86qO5tB_hGvxP9i1luxlQnJModgVMUdtnmM,"Mississauga, ON",Workopolis
CBI Health,"Team Lead, Quality Assurance and Testing",https://www.workopolis.com/jobsearch/viewjob/1tZCPri8vh74QQxc3FpDaL3cdrbEVo4UKg0I7tYwLLKNOzt1G6ZXmPK3-EBdoCws,"Toronto, ON",Workopolis
Irth Solutions,Analyste QA,https://www.workopolis.com/jobsearch/viewjob/VNVWjgHhB-uQhpXx9Tcqu-wSpk5Y5uMP06DeM-kjn_smCfeMgw1xCX92U2E-H6vh,Quebec Province,Workopolis
Premium Global Foods Corp.,Quality Assurance Specialist - Food,https://www.workopolis.com/jobsearch/viewjob/sDiY_6r_Ao5igJxQxqrvnWk65oVQBKnDNzTO-h_GAy1vsQN_cxlIbTJjIC8NHW5J,"Woodbridge, ON",Workopolis
Speer Technologies Inc.,Quality Assurance Engineer,https://www.workopolis.com/jobsearch/viewjob/B3xVzKS2GMVrbzaEodBtPhlg5Qioy8LrqT7gL0SpMPxSsSh2fB53qoK8j9_I_3Tg,Remote,Workopolis
Spartakus Technologies,QA Engineer,https://www.workopolis.com/jobsearch/viewjob/GenjCe8aCpOTrIS0FZKMlWeOUSa0yYavxpbqOBd5nUrwmI-eYQgPif2o6oJuizyJ,"Kirkland, QC",Workopolis
Bamford Produce Company Limited,QA Specialist,https://www.workopolis.com/jobsearch/viewjob/Df4e5EQiB9pAGrcIHFDOxFprAwp-UOKKiiJiPmw25TAd_PPSX7_eQ1oV14hYzc4D,"Mississauga, ON",Workopolis
Foodtastic,Analyste QA - Digital QA Analyst,https://www.workopolis.com/jobsearch/viewjob/YFx6UJtqzaHwRKIrgMRvZWg-aWcFjLGgDjsYWgBwxgVSjB_SbQ1n2CCrIdO1On0E,"Montr??al, QC",Workopolis
RELQ TECHNOLOGIES LLC,QA Lead (Automation + Manual),https://www.workopolis.com/jobsearch/viewjob/nqb__32I-nQZm1OOb-LXl9FZzLAVrQ3YrtbJAEHRxFhiquAkIxnmwic8ZK0ZACcq,Alberta,Workopolis
Novarc Technologies Inc,Quality Assurance Tester,https://www.workopolis.com/jobsearch/viewjob/eafuZW5tJTCkxYEcTT0nbL3_UJWC79RS_1SqhfX6gM2jQLWQGpsMubUSF2rV7Zq-,"Burnaby, BC",Workopolis
SQA Canada Inc,QA Engineer,https://www.workopolis.com/jobsearch/viewjob/gsWBJPrbJ8jPDnIfD0QQm9cmwTZ0AFPVXZBVLbdWcAIfrAtoRsRbF0ddu5DA7g6n,"Vancouver, BC",Workopolis
Optix,QA Automation Engineer,https://www.workopolis.com/jobsearch/viewjob/UGfsQTAhqxyhkV_pHfIoQoNtwc7sLSdTNTl6nQJeGiN_6BV_WsgpXxoIw3mS_AKW,"Vancouver, BC",Workopolis
Black & McDonald Limited,QA/QC Specialist,https://www.workopolis.com/jobsearch/viewjob/jGnwHeyIzWq6r17qq8Jim4KNX4D-dk3r-X86ivXjMzbUqx972qp_dawNoSOF1hvA,"Greater Toronto Area, ON",Workopolis
Chrono Innovation,QA Automation Developer,https://www.workopolis.com/jobsearch/viewjob/IH2mKs6bN9BBnI5mbI2HlPOQM4lTkSRaOWVQJFVGBD2j8f3ushx13I9CoLuZXii2,"Montr??al, QC",Workopolis
Cam Tran,QA Technician (Afternoons),https://www.workopolis.com/jobsearch/viewjob/apoGjZ_s0QXjOEq6vyOPU17kq7TCVXAJ3o-nUYmvp0UQdgiPl4W7DERTTQrNDYQY,"Sackville, NB",Workopolis
CIBC,QA Consultant,https://www.workopolis.com/jobsearch/viewjob/Ay37uAyZZAfkgAcQMg5GMWr9xl8EHzKcx6HFWesTSHitci3zJjSorBBnrcDQE2B-,"Toronto, ON",Workopolis
TMX Group Limited,Senior QA Analyst,https://www.workopolis.com/jobsearch/viewjob/wE6YNQBNHFbElKE1yWHh5qSz3yxgM94YsO4-X2zYsLaUgT6ElacQSvwDMf4Af9rL,"Toronto, ON",Workopolis
EXFO,QA Analyst,https://www.workopolis.com/jobsearch/viewjob/JrL1i6nXWViDxwcyDoa7vclQxJnQtRz9P7N8VKkY3kKTmM-iPSf-uwEZY3fZTpIg,"Saint-Laurent, QC",Workopolis
MAD Elevator Inc,QA Inspector,https://www.workopolis.com/jobsearch/viewjob/laccSzH7dQsuJU1ZeqFhZPDU8IUQ-M_1KGWFhoYn_U31eyNbiBpPAzFcUAhgcLcN,"Mississauga, ON",Workopolis
Zydus Pharmaceuticals (Canada) Inc.,Quality Assurance Associate,https://www.workopolis.com/jobsearch/viewjob/AHJDWc9xFRqLsZPmce1lIpdgdw5H_D5us-0-pUPWbsxPvAYQGqH58lBbRUag8-DZ,"Mississauga, ON",Workopolis
ANVIL,Senior Quality Assurance Analyst,https://www.workopolis.com/jobsearch/viewjob/8O0wdXSjkKM6kKwF3mm2qdmycj80Wt5McVDu5kj0iCWTlxM8Z5WJ_vPirQw3lER4,Ontario,Workopolis
Jonas Software,QA Engineer (Performance),https://www.workopolis.com/jobsearch/viewjob/FKdNwVoiuyyNg-7oFYJ8nZsTbdM-z0Vn2SWpqkyyeKKHG3EYBAsNTdbX_j8XD341,Canada,Workopolis
VertiGIS GmbH,Quality Assurance Engineer,https://www.workopolis.com/jobsearch/viewjob/Lq9z0GOrEyblvyHOifJfaqud2gSACOttdtnNSloI9SX_jys7pB-kkZqSyt1LKgOX,"Victoria, BC",Workopolis
PORTA - Tradizione Italiana,Quality Assurance Technician ??? AM Shift,https://www.workopolis.com/jobsearch/viewjob/RbjG1WZzbF7Kva5PHubkUqmdW6K0DQ8pfqq9SXorcSL3ft9spHzDY8zmpuDJqV1Z,"Scarborough, ON",Workopolis
RPM TECHNOLOGIES CORP,Q/A Analyst,https://www.workopolis.com/jobsearch/viewjob/Wcx4D0KTWBnEKWJIO2LiTbJL4gtyM0ljNtwiKnJcnqEI0j8VqY6nYjkzymlq1pjU,"Toronto, ON",Workopolis
Upshop,QA Engineer,https://www.workopolis.com/jobsearch/viewjob/QhDxF293Y_mksm780zfUaLeQ2hdFtIW02OMUhqaCpCuO6dypf2MCNaTRO3gpLyxq,"Toronto, ON",Workopolis
AGAT Laboratories,Laboratory Quality Assurance Specialist - St. John's,https://www.workopolis.com/jobsearch/viewjob/oj2OLMKVA_Z53vGsOPVHEEDVYypIXxVqycM82D_dxBy5u79hTrtEp_soxj0RZ3hy,"St. John's, NL",Workopolis
Canadian Bank Note Company,QA Analyst - Bahamas Service Delivery Group,https://www.workopolis.com/jobsearch/viewjob/xZwz7C8032ib2uEaDSVjk2OqJEHc29wl60eIdkoxwJfGdhUuI_4JA6CkhSC6iKRZ,"Ottawa, ON",Workopolis
Thales,QA Engineer / QA Specialist,https://www.workopolis.com/jobsearch/viewjob/C-Daeob6eHzHxHy-i9wkLfQTd6X3ZT0jFXczRhuW5NZUXAe9KY7v27LSmvNnPOsK,"Vancouver, BC",Workopolis
TELUS Digital -,QA Automation Engineer,https://www.workopolis.com/jobsearch/viewjob/aarwU2-XqcN78Ql1sTslPmTTaEYdQtYWznj4SA9auQk-PydNT79U6Np_-bDI-fpm,"Vancouver, BC",Workopolis
AstraNorth,QA Automation - API Testing,https://www.workopolis.com/jobsearch/viewjob/qNFGZlMOi2YkeE_145Fj1QvEV5FXS4PSiYTJhsGlhieJ5YS4qHvau7MzEB2JWEQC,"Toronto, ON",Workopolis
MedMe Health,Intermediate QA Automation Engineer (APAC/LATAM),https://www.workopolis.com/jobsearch/viewjob/foZMW2FC44CiW9m_Cr5BnxtHQYlhlf4BnOb1qC4srDSB231dsT3TSO65sX4wjvxx,"Toronto, ON",Workopolis
Greenfield Global Inc.,Lab Technician - Quality Assurance,https://www.workopolis.com/jobsearch/viewjob/gQ1oRFYaUcdzD0QtFVbwcV4u_e1r-r600IoFtf0LEFt17FkwlM5qnDMu8Rcnn4z_,"Brampton, ON",Workopolis
Fujitsu,QA Automation Developer,https://www.workopolis.com/jobsearch/viewjob/XawrnkBypv1kIaRXnzqDIVRa2v91KI3LTjQ_tp4GLz2TMZ2K5zy6jmkRSFQVlg5k,"Edmonton, AB",Workopolis
Tecsys Inc.,QA Analyst (Accounting),https://www.workopolis.com/jobsearch/viewjob/39HkixVhKUylEOEm7QAnC8YjnL2lChDStI6wYjE-JZHwUxkMDOe_ECDMc4AK62mg,"Montr??al, QC",Workopolis
University of British Columbia,Quality Assurance & Tester,https://www.workopolis.com/jobsearch/viewjob/UDCM1m5rcL4cUe5s7KoBjOdvd78_d0tndbwrf40ltzkkjLuGgv1Lb__Bb2kw7DSW,"Vancouver, BC",Workopolis
Seaspan ULC,QA Analyst,https://www.workopolis.com/jobsearch/viewjob/55n7OaOcxFvVoa4S_Op2cE1_uDUCwaH_pL_idzeGWL4NuQ45rBPNw4FcM5DcOiGF,"North Vancouver, BC",Workopolis
PopUp Talent,"Quality Control, QA Technician",https://www.workopolis.com/jobsearch/viewjob/thlDd9JYTcQEad27_J1WTApFTWPmIn_2IasSeM2skrCap0cS7E_cKVraPnRWVr1B,"Ottawa, ON",Workopolis
Delta Intelligent Building Technologies (Canada) Inc.,Software QA Lead,https://www.workopolis.com/jobsearch/viewjob/l428VTFuWK0iPti7t06PD4VGRq-xKQMSiHWVGS4E-QdXSdtMlow4KhEZVoaQq6p2,"Surrey, BC",Workopolis
Westlake Royal Building Products,QC Inspector,https://www.workopolis.com/jobsearch/viewjob/DrIUJ3nvS8Gf9NZ-ktDJbcAQ6mcAuVqBG3qB99pAW3B_UaJdGdELOWbpcggRPk2i,"Woodbridge, ON",Workopolis
CSC Generation,Lead QA Engineer,https://www.workopolis.com/jobsearch/viewjob/U0y4EXP7G2TnAYlSwR8ixqrepnKjgJT4TZCYigHAgaZ45_7sjfsU8sIn_v3ksbcx,"Toronto, ON",Workopolis
Aphria Diamond,Quality Assurance Associate,https://www.workopolis.com/jobsearch/viewjob/GQiQa-9MpHolQOVYRUE-KT2mp25jCc4mosNbqxpP-5RY-LuyYnC8C0zBeETDo77J,"Leamington, ON",Workopolis
Canada Goose Inc.,"Coordinator, QA Finished Goods (Textile)",https://www.workopolis.com/jobsearch/viewjob/G-tmHm76eRoouqnzB58KcHLx4Tdze7PC04DcTo48ivbFFACmrg6wGGmTMPUgM-bC,"Scarborough, ON",Workopolis
PPT,Quality Assurance Specialist,https://www.workopolis.com/jobsearch/viewjob/nk3DLhRpfhPGB7lknSajNW3pOY8ycrTsmvZIQK_9tZDemp0Qhu4Qoyk7fwkSFih-,"Montr??al, QC",Workopolis
"Hexagon Mining, Inc.",Quality Assurance Analyst,https://www.workopolis.com/jobsearch/viewjob/DTPgGS7Sy18j-ct3jSs1quqbcvVKNfKV_ogWZyGT-E3IYVqdlNXllA4mgIpzqsyh,"Vancouver, BC",Workopolis
Refresco Canada Inc,QA Technician - Seasonal,https://www.workopolis.com/jobsearch/viewjob/UvlAZMjQwoAaoLPDWWxm92XiIYb0yrchKz2NrkBwji6bTMtXo66tmxzXJnlIRHS7,"Mississauga, ON",Workopolis
Government of New Brunswick,Quality Assurance Analyst,https://www.workopolis.com/jobsearch/viewjob/O7c1KoRK5HzfB6VyCQ7kRed4fpwNTyXa6RzCV6BNY784uN1jq-pZvu8em1BeqLME,New Brunswick,Workopolis
YO IT CONSULTING,QA Engineer - Code Review Expert,https://www.workopolis.com/jobsearch/viewjob/BewRm7t__-ZhkgKY6WHGW4M20nhCd1qY7ipovSGL95b5XdL7fgYR8Zz77IjZ_K-G,Canada,Workopolis
CNOOC International,QA Inspector,https://www.workopolis.com/jobsearch/viewjob/4k5B6Gi6QtfJTI3JrCFsLN1bdALfcX68tDBWAimI83g0QmBgEtOcg-KrAQX3HCKw,"Fort McMurray, AB",Workopolis
City of Calgary,Quality Assurance Analyst,https://www.workopolis.com/jobsearch/viewjob/6RN_sgXFPPdnj58oMNqucwgVPtjgAQep9CQaC9yuNtFV4eVmqD__Svu3m3zcPzAu,"Calgary, AB",Workopolis
Snaplii,Sr. Quality Assurance Engineer,https://www.workopolis.com/jobsearch/viewjob/gUl3r8INPNGwEF8Wq8XhSo69GbpAimYVuDVpaoVuF53b_-5mN-jyY8hPrCjVjBxo,"Toronto, ON",Workopolis
Vantix Systems Inc,QA Analyst,https://www.workopolis.com/jobsearch/viewjob/c9MQ6giOu_u4hTPOH6kZV0F9O3G19l7Rd7Va2t5TDtmWlTcpmZAIvCGZwbLS3AX4,"Edmonton, AB",Workopolis
KingswaySoft Inc.,Senior Software QA Engineer,https://www.workopolis.com/jobsearch/viewjob/DGFQIqrU3q28u0IO_7X4jhHnLitOCw-HbwkqsRJUBv8g8TdMN6I1xB0bf6nGvLBb,"Oakville, ON",Workopolis
Nutrien,QA Practice Lead,https://www.workopolis.com/jobsearch/viewjob/pVHBZRFIZrtMteuU-_6_-aBPnSW0F_oP26sKxj4dSzu3q3U40g-NAey9K0iuJfd0,"Calgary, AB",Workopolis
Impact.com,QA Lead,https://www.workopolis.com/jobsearch/viewjob/t3Z8Ieq0MN7BtMxHnkJAmaCBH3f4EiUAx3LhBjk22VjX-y0JvWnFkv5NdtVYTDeZ,"Victoria, BC",Workopolis
Nagarro,"Staff Engineer, QA Automation",https://www.workopolis.com/jobsearch/viewjob/K5Hx65dhf4nXLjUgakAq7jRvAQf8OOD4SZxbPNkpyZn8Nzd9vwfnARxfQMy-rD1q,Remote,Workopolis
NEOGOV,QA Lead,https://www.workopolis.com/jobsearch/viewjob/DLyGT3XuteJztfBAqu6m2s3xQHEryOUBdWBlf6f8OxxiRCBQsbdxTbZjTn9BSC5z,Ontario,Workopolis
WhiteWater West-,Quality Assurance Specialist,https://www.workopolis.com/jobsearch/viewjob/gvy32OjnUY_Lde3Y4IsSq4B6igx7yM4mnl07Q_x1xDcDcWja1EYcuE5WZNXgZPaB,"Richmond, BC",Workopolis
Offworld industries,QA Tester,https://www.workopolis.com/jobsearch/viewjob/WU709fkoQhPoKXxN51P2KFb3MTEaCBxEFHqc_5Bl1l34sEGqrU1u1KEHpxIcd2zh,"New Westminster, BC",Workopolis
Refresco,QA Technician - Seasonal,https://www.workopolis.com/jobsearch/viewjob/33CWxVwD3fNzzK57IjEkGq3Y0FmCYXtr5G23h4tgvymmTHG1rj6Yx_gLSRtN-oFX,"Calgary, AB",Workopolis
Orion Innovation,Intermediate Quality Analyst,https://www.workopolis.com/jobsearch/viewjob/mQ1Xx-iDO7LPetgXwh42IHPd6TAIflibXep5x-zjIWPPwDBLMokmyK5EsqBA0UJi,"Montr??al, QC",Workopolis
Bimbo Canada,Quality and Food Safety Technologist,https://www.workopolis.com/jobsearch/viewjob/nitzAS5nc8--k561MlZvqU75f_zvz7WIAwo2uaEg3drCdWQABsJ54AC2xtGcNZP2,"St. John's, NL",Workopolis
Lasso Informatics Inc Lasso Informatique Inc,Analyste QA,https://www.workopolis.com/jobsearch/viewjob/S8kQK_mVQiQZbHCngGy3tyQqBo83hs3Uq3EeToOSfHPUDIonPuwzRhlT7V7oAmrf,"Montr??al, QC",Workopolis
Trophy Foods Inc,QA Technician,https://www.workopolis.com/jobsearch/viewjob/N1ZT9ZLe9g1U6SCtX3f9VsARYR8upgAf1EPNN5pNWZDDjeQ5MgVZgR4kchwkCrKv,"Mississauga, ON",Workopolis
Ccube,Azure Data QA Tester ( Azure Databricks),https://www.workopolis.com/jobsearch/viewjob/dbP9P97GNQajsXlwJyqh7RfzRHRqyA-9QZHWw-kOAMTyarPSEC7o8vWPLd-oxmTJ,"Toronto, ON",Workopolis
Fortinet,QA - User Experience,https://www.workopolis.com/jobsearch/viewjob/nizD2FxM27AteIAY-iQKte1anDQMg9QwllgQWYR5nneID4Wwdd9-pGCM2gzdv14X,"Burnaby, BC",Workopolis
TechInsights,QA Test Automation Developer,https://www.workopolis.com/jobsearch/viewjob/CyuxKFxUTGyoufb5k-3BxwntMwatJEJZwcts-5Ghn-lByMrxkBiqWumqg_LzMsRk,"Ottawa, ON",Workopolis
Cyber-Infomax Solutions Inc.,Systems Testing/QA Specialist - Senior,https://www.workopolis.com/jobsearch/viewjob/ON94OWZL0yX1tzHzMZrXITrqbBiIotYcZzs3UX4F2s809quO1jAuPk4DZiSAFv0P,"Toronto, ON",Workopolis
NEWCOMER WOMEN'S SERVICES TORONTO,"Project Lead, QA",https://www.workopolis.com/jobsearch/viewjob/1TpUhKtvDs8tzWrqmETMeCMd6HGDxnesl-flB9I0W1XlBO73oDAjjcfwbqISWfVH,"Toronto, ON",Workopolis
Kratos Canada,Quality Manager,https://www.workopolis.com/jobsearch/viewjob/l4eQqt7Ae3jckMVeFs9Kc7-Vyr_0qOIUwnD6TMJpmI4R8p2s47ppDTx1Wovhy4Tv,"Whitby, ON",Workopolis
Gameloft Montr??al,[Disney Dreamlight Valley] Testeur(-euse) QA Int??gr?? Junior / Junior QA Embedded Tester,https://www.workopolis.com/jobsearch/viewjob/ICF7BKVkOcsIS6MabSCzQ_W8QkIbfgRtDY5JuqQSaXdvHT2M_-33fhQpU8q-7SVw,"Montr??al, QC",Workopolis
Harlow Payments,Quality Assurance Specialist,https://www.workopolis.com/jobsearch/viewjob/OSBkH0UEo2jGEo5H0tjrNzspvHB7BQR-lVHInRlqrJZF7Kdis_19EefYNalxGZeG,"Montr??al, QC",Workopolis
Method Integration Inc.,QA Engineer,https://www.workopolis.com/jobsearch/viewjob/Kg2oKvDTfc_ydCWwfaXRkyoUyNLIJRxOawb_VdHRSs7zU27_Is6T8ayoMH97zQbg,"Toronto, ON",Workopolis
Veeva Systems,Associate QA Engineer,https://www.workopolis.com/jobsearch/viewjob/Ad6TZEbZl8PgpLE_TqAxL1IjRpk5UCyvVlSlFz6H5SbbG2SqnU61sBvN617l5xMk,"Toronto, ON",Workopolis
TD Bank,Quality Engineer I,https://www.workopolis.com/jobsearch/viewjob/b7CmPfcxRX40mclDqAvkmLO_gs9pFTMCH6sq_HuJLf2GI3y5CvRoZy4SVlarHxh3,"Toronto, ON",Workopolis
Triumph Group of Companies,Quality Control Supervisor,https://www.workopolis.com/jobsearch/viewjob/pyvRs3OMdZ4OOlmV_Lmg6W6bZx10q8jpOgRs76zjdyoCEAQ1NjEWvRVt70W_7Qmz,"Mississauga, ON",Workopolis
INNOCON INC,Quality Control Technician Level 1,https://www.workopolis.com/jobsearch/viewjob/mkfgVImz3GV0APzMIpfnAae5-3JhVcLalcoJJNqez3bFZj6wZK3gMZDBD74R8jFn,"Richmond Hill, ON",Workopolis
Flexspring,QA Automation Engineer Co-op,https://www.workopolis.com/jobsearch/viewjob/WTXaOBUo4phQh_Axv0usysxoCS86oF3vuQ2kx87fX2LSZFuk4wJyYbBJJRJi1tXD,"Montr??al, QC",Workopolis
Livingston International,IT QA Analyst- SmartBorder,https://www.workopolis.com/jobsearch/viewjob/VdperMpSCwZiX4i7fWmDZrRtznbS3T6HSKIQFY4dVSvc1UyPbTXcInEIe6p2Inpm,"Toronto, ON",Workopolis
IKO Industries Ltd.,Senior QA Analyst,https://www.workopolis.com/jobsearch/viewjob/BHKRGd7sGXoAHuh-J63ucr28vtTccEgRec5fXShAiAM0nZGfM2YS50rSYurtuGq8,"Mississauga, ON",Workopolis
Bankjoy,Quality Assurance Analyst,https://www.workopolis.com/jobsearch/viewjob/UA40nNaYK5tSAbgK-pD9e2IueFtZaLSVA8dj0euAIq6LbpAHg1xoc2AO5v511gCe,Canada,Workopolis
Scotiabank,QA Engineer,https://www.workopolis.com/jobsearch/viewjob/G-xjaeKUBMMXv8oJv3LBSvPiv-ZtoxorUBAFVK9jCjNHAh5zzefscJrT6-TccmSU,"Toronto, ON",Workopolis
Ministry of Public and Business Service Delivery and Procurement,Test Lead,https://www.workopolis.com/jobsearch/viewjob/eMekus1SuN2NuoiFtxyfRs7oPaUIpmenPJDthxfBGcmR_sWKO7Y55aKmB8s6Twha,"North York, ON",Workopolis
Siltech Corporation,Quality Management Systems Lead,https://www.workopolis.com/jobsearch/viewjob/D4jsvCSo09C1C1VKHkVqC9htSq7s653R0PsJzJ1VIKu60Nf_lIjvnzDsd8zEOh89,"Mississauga, ON",Workopolis
Auxly Cannabis,QA Validations Specialist,https://www.workopolis.com/jobsearch/viewjob/FKKoIuLNrnYboxRbQUgK8WK7g_QVUTX5lxYe_OQ2m1GvgKtOHokPabuq6Ohq5fl0,"Staples, ON",Workopolis
FabStation,Senior Sortware Quality Assurance Engineer,https://www.workopolis.com/jobsearch/viewjob/x1NFSBQzC2MWEMP29ooZ4xTHQLUC-t3uFNDSEBtXOuGG9L9RwAlCzwPXescOldHY,Remote,Workopolis
Credit Genie,QA Engineering Manager,https://www.workopolis.com/jobsearch/viewjob/3EwIsePt3WS37d-0BViRPFzDdNi4fhA_lwAG4D5DxHIMOKlFExxgUVzO1m2n6C_B,"Toronto, ON",Workopolis
Cloud 3D Print,QA Tester,https://www.workopolis.com/jobsearch/viewjob/jzw4YtW5o0StsQ1EZm9tEz4bM54vEgWoCx_7KO4ac1U3Hhx1ttSNHGGHjbXjFK7O,"Vaughan, ON",Workopolis
AMG METALS,Quality Specialist,https://www.workopolis.com/jobsearch/viewjob/_yXFhgib84PE5VIjnqjzq0441CxKEHe5ZngbpzTjEI5nGjw0iqQfQ5ET7hmeSMP6,"Sharon, ON",Workopolis
Bioriginal Food and Science,Warehouse Quality Inspector,https://www.workopolis.com/jobsearch/viewjob/JBY-FirFKPzFPWg7k3xAvRAwbddXrxF1cz3m-Y1pv2xkCABacaxNVo9NID5NBW-q,"Saskatoon, SK",Workopolis
Infoblox,Software QA Engineer,https://www.workopolis.com/jobsearch/viewjob/k3WeCiChebudGkzkFvhh9TWY6qWunHa_D83OfFx3yZntYrLxuM0jJqROysvt106Q,"Burnaby, BC",Workopolis
Fabled Solutions Ltd.,Quality Assurance Specialist,https://www.workopolis.com/jobsearch/viewjob/Wwjcxasb7vMNv2YxvKT9OVr9n3fesV7J6BVyrhSaDbM8Y3UFc2HXseOvbyAH_IGP,Remote,Workopolis
Micromart,Software QA Engineer,https://www.workopolis.com/jobsearch/viewjob/hVajL-j-7-m86JvKSx4iCnWPs4uTaS8OC7E-5f2hX6FZiikZwZTHJ2P74vpUpuo9,"Toronto, ON",Workopolis
Antech Plastics,quality assurance (qa) technician,https://www.workopolis.com/jobsearch/viewjob/6CMKxEVjezMWr9aLltg31R040wXa8KDciXkAEkg35I-v6GEgxXFXEpOM7Hjrr1C4,"Woodbridge, ON",Workopolis
CAPCO,QA Automation Engineer - hybrid Calgary ** numerous openings at all levels **,https://www.workopolis.com/jobsearch/viewjob/jqwMCkBf2LP0BuQzwErUdWNTsI5LnDPIOjB0hx5YMcK2BG7KzO2-KG1Nzv8385mH,"Calgary, AB",Workopolis
Lynch Fluid Controls Inc.,Quality Inspection,https://www.workopolis.com/jobsearch/viewjob/ccEPboe-Jgm4KWBhpdWRr3nEDFkU4DrTmuyWsCY2wXk_dZrr_PBLKPJJWEnw9AEJ,"Mississauga, ON",Workopolis
"Infinity, a Stamford Technology Company",QA Tester,https://www.workopolis.com/jobsearch/viewjob/C7Yw1FQ_zTmvs9P9FNJFZI4o9XdWmYbg6PgQK4XsZfcNbfb_N1xihLmx_6WBEXkS,"Toronto, ON",Workopolis
ASICS Apps,QA Automation Engineer,https://www.workopolis.com/jobsearch/viewjob/6J2t5_eEOMbgOS3IQZJfw3CpNwMX4PTSjyeXJ9nmcqWgX-wolV5emh26bl-yGa4I,"London, ON",Workopolis
Cala Sourcing Solutions LLC,Quality Assurance Manager - Manufacturing Industry,https://www.workopolis.com/jobsearch/viewjob/rngyE6KeMj2hL2yhVN7L9R0_31mMAmJkHV5bdhZOjaRQJpEqs6PY941Uo3r7YWRq,"Huntsville, ON",Workopolis
Dimachem Inc,Quality Engineer,https://www.workopolis.com/jobsearch/viewjob/tZ918wz_UzveE21hN_30Uqd-Yn82hZdNhCB-R9vq5Z5f-7Nh1a30hy3Es66c-4w2,"Windsor, ON",Workopolis
Infocodec Solutions,SAP QA Consultant,https://www.workopolis.com/jobsearch/viewjob/yDfdA167E1HgK9BxKN6jWEJPKswnwtbXloy6FIF9kfhpC0oSenbNzFySE0CQatd0,Remote,Workopolis
CEVALogistics,Quality Specialist,https://www.workopolis.com/jobsearch/viewjob/kSJks_jdMhuONY8eqdzi6Y1rjba7i2wfsDz4AVz4qJ6_9GtkupsL2dm-PG8Tidml,"Mississauga, ON",Workopolis
Linen Chest,Quality Assurance Specialist,https://www.workopolis.com/jobsearch/viewjob/-AgEQKsWrNJN4kRuGbQWflcn8GtHNBWGf68YR079PuUJCyJyEKahO3Bip_POmGJH,"Laval, QC",Workopolis
Eagle Analytical,Quality Specialist,https://www.workopolis.com/jobsearch/viewjob/SaBLLkiFv3qFnD66Z8QYAPybxOFDGR2izSp-Ziv_Wj61fOyAXohObW2R1Z6R98LV,"London, ON",Workopolis
NYRC,Quality Assurance Coordinator,https://www.workopolis.com/jobsearch/viewjob/cyC7V1lXHyBwhtETfkJUQfpKFv-iOVwD209XEkBxiXBnU41VTbby1YGDJbD_y1HS,"Toronto, ON",Workopolis
Apollo Health And Beauty Care,Quality Assurance Manager,https://www.workopolis.com/jobsearch/viewjob/bGJ6xPydCCgybQEC7aXaCyRm8GIlvraIl98EyckhVMynmnlPs93eaSP8RclfO0UF,"Toronto, ON",Workopolis
Amphenol Technical Products International Co.,QA (quality assurance) engineer,https://www.workopolis.com/jobsearch/viewjob/_HeVXTRJlfaGZvIOjpdCNhjHiJWqgCB-SO5EyaT2dkMmSoS9hN-33PJ_ImDwGSdj,"Winnipeg, MB",Workopolis
Rentsync,Integrations Support & Quality Analyst,https://www.workopolis.com/jobsearch/viewjob/w-bAqrPsTVFhI8WroXa4z1ClBJPK91_GT67WeOtEpHcScD7Up1kLScwW8_WmnkuN,"St. Catharines, ON",Workopolis
Flanagan Foodservice,Food Safety Specialist,https://www.workopolis.com/jobsearch/viewjob/vJwwem2OsMLtMv7i9ilWgvsDewJAMEDcVrTDWkWrErlf1xd2APH99D7F6u2GwWav,"Whitby, ON",Workopolis
Agilent Technologies Inc.,Quality Assurance Associate,https://www.workopolis.com/jobsearch/viewjob/LcJsUjdNcJT9968EoSUhGtgnK4EF4YAGYRwvuYpIaLDgsw1VIiJZon5uqTPQNh26,"Windsor, NS",Workopolis
Barry Callebaut,QA Lab Technician,https://www.workopolis.com/jobsearch/viewjob/uC_UXOa-PRhjaCOVcYr0rU8PO9llXNa1q_LUOYydVTK8cB7MtrR1Szy3toOGEcS_,"Chatham-Kent, ON",Workopolis
Kardium Inc.,Quality Assurance Specialist (Hybrid),https://www.workopolis.com/jobsearch/viewjob/w7a9NyNcyPExFU_8m5zWmmj-Wt5vMUAyc0FSzCnQEY7ILmZkIL4NU7ubesmckj8t,"Burnaby, BC",Workopolis
TTC Global,Senior Software QA Engineer,https://www.workopolis.com/jobsearch/viewjob/juttpxVRCwPyMGVw_j7_3fJs84QKfxNbaweE6F1HwkZT3uvuGQkEfcmtRbZt307j,"Montr??al, QC",Workopolis
Westland Insurance Ltd.,"Manager, Quality Assurance",https://www.workopolis.com/jobsearch/viewjob/RNiUrXSej7N_3gIdUIQi75DHFdTzdrevcPwpNPb2A9RKwTtIgfZfN3jxLIDWVDFM,"Surrey, BC",Workopolis
Minth North America,Quality System Coordinator,https://www.workopolis.com/jobsearch/viewjob/3N0otI_kPgEbb10Rf2U1gpSxE9EPbSlrxSU_vWjDNnDu-UnHlnT63mYMr5CWk5J_,"Windsor, ON",Workopolis
Citi,Quality Analyst,https://www.workopolis.com/jobsearch/viewjob/ar-L8D5MPdg39CRNcNerBlegXT01xKX8tLKXO4nrr0e60xjShLH2hGe32xLKTv5n,"Mississauga, ON",Workopolis
IMT CORPORATION,Quality Supervisor,https://www.workopolis.com/jobsearch/viewjob/0ppekkNjiUsSf7NVyPianA0GDz-TzhJP90rAgbcUspR6fTLPTBc8m2iaS1VvFk44,"Ingersoll, ON",Workopolis
Solink,Senior QA Automation Engineer,https://www.workopolis.com/jobsearch/viewjob/BsnTkGrvRCrBRg9zjTN4AF5j3Yl1bxbLldr_53T3LSk98000etNDAvXgjFzG_kD4,"Ottawa, ON",Workopolis
NORARC AND NORMEX,QA-QC Coordinator ??? Full Time,https://www.workopolis.com/jobsearch/viewjob/Rw154VXOi0vtZaX2lWRDBjrqZn3P5SnleIGAcIO_Gz7SHpQMyaTdbQVFL9l6KYPx,"Earlton, ON",Workopolis
Reid's Dairy Company Ltd.,Quality Assurance Technician (Full-time),https://www.workopolis.com/jobsearch/viewjob/qS9UsYax7yBJpr8HXrP2htDaolDUzj4HzDzNPFSGiWtEPASvWl1mV_Kv3HqE5Dxb,"Belleville, ON",Workopolis
Genomadix,Quality Specialist,https://www.workopolis.com/jobsearch/viewjob/3WQec7JdqcVoT_Nmm-YANGRLSZTktns4kvyjTJE9u_ZIaBMMAcWjZJF-ohR3glD0,"Kanata, ON",Workopolis
LandSure Systems,Quality Assurance (QA) Lead,https://www.workopolis.com/jobsearch/viewjob/8EU-mVrJk0_wJnrsE91o1r6sR3uzgsW5wJRq6VakffuwEn9IDNc8Ni0tY9NyB_8m,"Vancouver, BC",Workopolis
JumpDEMAND Inc.,Quality Assurance Specialist,https://www.workopolis.com/jobsearch/viewjob/yq2Ni2iTUqH3hC2Qawo6YZZ4M3QuxVYjdvt24DWmCi7VNSseaF7CeccsfkkjzhW9,"Calgary, AB",Workopolis
PakFab Engineered Solutions Corp,quality assurance technologist,https://www.workopolis.com/jobsearch/viewjob/peEUpQlQjlxSBBVaZDvRL0ZRoab173DrLHgb7DocV6uxLupTkt8uCzjjarrK357I,"Aylmer, ON",Workopolis
Morgan Stanley,QA Engineering Specialist (multiple opportunities),https://www.workopolis.com/jobsearch/viewjob/2TJdcWxyC_pOB4XR1sxZ5heqb10pGd4bLwD6rWSimbHbLtfmYB_BXE90pV4oEtIA,"Calgary, AB",Workopolis
Wordbank,Freelance Audiovisual Quality Control Specialist (Hiring for Multiple Languages),https://www.workopolis.com/jobsearch/viewjob/6G_cWTdcQ2JHfQPVHWpoEFKOmd__xV_TYusKXL1drmvK1lb8Eq8C1HDV8LQZWSGo,"Quebec City, QC",Workopolis
General Motors,Quality Engineer,https://www.workopolis.com/jobsearch/viewjob/ZZ-WNRjuEDdsQf5brcoJp5KWIkpFlXC6gV5LBwB2XNGgfcvksaXHj_G--N3FxzUf,"St. Catharines, ON",Workopolis
Pattison Food Group,QA Data Engineer,https://www.workopolis.com/jobsearch/viewjob/pgDBWbDCz76cDb1SDtAPMSU8KNxh32CSCW0zntxWOHeZukFGGRSUMVQ4eSz_wjwx,"Langley, BC",Workopolis
Survalent,Quality Control Analyst (Hybrid),https://www.workopolis.com/jobsearch/viewjob/FRwoRAZ-AkPUImb_kUKVs75FNvZ1-LvWh--XN0fD0WdWFhDo3zvrOIThDE89Vnkg,"Brampton, ON",Workopolis
01 Communique,QA Specialists:,https://www.workopolis.com/jobsearch/viewjob/EDwku-BXiWJLM8KsF2jMI13bw_kQm1R7Ussq_imEYmL7XAkovJvf7PA6-4WSdC-0,"Toronto, ON",Workopolis
Pure Sunfarms,"Associate, Quality Assurance",https://www.workopolis.com/jobsearch/viewjob/lAnCeMF-hxqreKATtk68Cda8Kl4foggS33_b8ToeIIlcIQjb4lbRXnFvXPVY-jCY,"Delta, BC",Workopolis
"Acuren Inspection, Inc.",Visual & QA/QC Inspectors Needed ??? Imperial Oil Spring Outage,https://www.workopolis.com/jobsearch/viewjob/1OC9CmfKrpZ3QKtpKPoNLUrmSMMXoRkPeCdkEdHZz3sl0QlcgjnaRoK7kdtWUZa8,"Edmonton, AB",Workopolis
"CAN - Canada, Langley, OS of Canada, Ltd (OSIS-2501)",Ag. Quality Specialist - West Coast,https://www.workopolis.com/jobsearch/viewjob/XinvIQTLrZ8rjGjr0oMbwEzJ-rZT-L_b2RUrCF668fZPWRMBkLwz8UL03QvNDz7a,"Richmond, BC",Workopolis
The Cup Store,Quality Control / Continuous Improvement Associate,https://www.workopolis.com/jobsearch/viewjob/_UMOj3NtBVdGivgoJ3EJhSWvnXxb7w8tlogBMgXrN2an16p9rrbTm-bjPvR0rBSb,"Concord, ON",Workopolis
TWO95 International INC,QA Analyst (Salesforce),https://www.workopolis.com/jobsearch/viewjob/LrdjF9boh6d96dsbiFOeOt1_E9ofX2016F1UKI_o81lI70OroKGVQIfPHB8YJavB,Remote,Workopolis
TribalScale,Agile Test Engineer - QA - Manual & Automation Experience Required,https://www.workopolis.com/jobsearch/viewjob/inHmUznf9RBUBT82hmU4c713l3dWMFvnJfhuvkGHI2-gSnR_--Aui7Mfiln2Cbpf,"Toronto, ON",Workopolis
Multiplex,"Project Lead, QA",https://www.workopolis.com/jobsearch/viewjob/yB3OIg0WpIqq2WgdIssUGOV129U6dMuzh-0NimgRYjcMcHOeBlCvONFirqUXlWxy,"Toronto, ON",Workopolis
Comm100 Network Corporation,Sr. Software QA Engineer,https://www.workopolis.com/jobsearch/viewjob/td5GTP4nf_AGGNtADtTkIURs9YMGpNdPNqG179U0x7vukvedjPRSuwQFLEyyG_Ba,"Vancouver, BC",Workopolis
Info-Ways,QA Lead,https://www.workopolis.com/jobsearch/viewjob/Cocr3BtjS6OMnqSGpeQh-sUi1rz8icZwdJY2l1wj2I613rdPzdZxh7mCWmFCpHru,"Toronto, ON",Workopolis
Aviagen Breeders Canada LTD,QA Coordinator,https://www.workopolis.com/jobsearch/viewjob/WHzGMY0dLBY-iwlw_nMlD0omv4fH7VLzdiJZ1wMSqDY3LC-yd7FooKzB3LFKMYbn,"Brantford, ON",Workopolis
High 5 Games,Senior QA Automation Engineer,https://www.workopolis.com/jobsearch/viewjob/BmEdXnuY7v4HSvXihJ-N3uexFZfLFnZo6TxxdcFxn2Pet7JQizsf-AGRi81HxBHQ,Remote,Workopolis
Almag Aluminum,Quality Engineer,https://www.workopolis.com/jobsearch/viewjob/mWCtiCQ2F7uqqFfDJO_Fo45JmG9JzOvpVt5WD9aRFJNVpN2Aa7ezqYiL-OYcWvtU,"Brampton, ON",Workopolis
Thornhill Medical,Quality Control/ Quality Assurance Associate,https://www.workopolis.com/jobsearch/viewjob/0zm5ab8u5TjhaVnoX6I9oYnQyXDG2jE1pF3et0wD_W07AHSQ4OC2y9pOC0NF-LLL,"North York, ON",Workopolis
NATIONAL ENGINEERED FASTENERS INC,Quality Specialist,https://www.workopolis.com/jobsearch/viewjob/YN17r6Es890C8PpaoR7Px4ZHy5hZh58qxiPKciGYpx-zTPXS2iMHTKPhekr0fGWw,"Breslau, ON",Workopolis
Sonele Inc.,Quality Assurance Specialist,https://www.workopolis.com/jobsearch/viewjob/6XxZgyylYg_kNiD-1BUH07ETUTOCUP7t2ygoIxPJ8zahqz36QtnxwJpNUIXR442i,"Markham, ON",Workopolis
Biospectra Inc,Quality Assurance Manager,https://www.workopolis.com/jobsearch/viewjob/RRYnEw047GlYsPcpiyLl1CEpfEMb0U-BIr-AJiNbSb1m_f7zjvLIS972aboJPjC_,"Toronto, ON",Workopolis
Mistras Group Inc. - Services,Quality Manager (QA-QC),https://www.workopolis.com/jobsearch/viewjob/i4Tt2_ek2GkY2d26EfJiEZd7fPU0MfgCnVaDOWXcXn1oF5MQVdu1DdNz0Z4l-V28,"Saint-Lambert, QC",Workopolis
Softline Technology,SYSTEMS TESTING/QA SPECIALIST,https://www.workopolis.com/jobsearch/viewjob/jBLcwfy3SUMxlCscAN1ax4q33KT0n0c-9pjVSDlZzLaktPed6AgKDHV2HotY3GAV,"Toronto, ON",Workopolis
ATS HEALTH AND BEAUTY CARE CORP,QA/QC Chemist,https://www.workopolis.com/jobsearch/viewjob/zdWQoeUCbKOqcGq2g0eyeNrRsQRpXsc-fhuPeFwoODm3WKYaVYKojUlqCKHyPSRr,"Woodbridge, ON",Workopolis
Puratos,QA/QC Specialist,https://www.workopolis.com/jobsearch/viewjob/itbLbxJwM4vdm0u5s-ce6mqIq7qg21dyFouPSyTeyRMCaxzuk7McCD3ejntelRgt,"Chilliwack, BC",Workopolis
Coilplus Inc,Quality Manager,https://www.workopolis.com/jobsearch/viewjob/gF8YfPrOsLNVoN8tGpR55eVbxUHPYMw5h3f0Wu6RQIljOMYz6LLLz5W5kYT5VwwN,"Ingersoll, ON",Workopolis
Connect Tech,Quality Systems Specialist,https://www.workopolis.com/jobsearch/viewjob/i-bMG43ZWwxIMZcKrbuxnH0SaNt12S7SNpWdOPPYToKhIJj749Rm8oPXv1oK95K3,"Guelph, ON",Workopolis
Recutify Inc.,Test Analyst - Senior,https://www.workopolis.com/jobsearch/viewjob/FcP1O2rF7JUs1mvF8aNBeea7ajBTdbQpyU1BMZgZAzAOpPUzNtzNFreyiCkTykV_,"Edmonton, AB",Workopolis
Cognizant,Data QA tester - Azure,https://www.workopolis.com/jobsearch/viewjob/6_A8sRjHpO_KVX3VA8VOoZGiw4LlBMvDQ4sxnUqJeIAdN4de1YQtNaD_LvaPJh0l,"Toronto, ON",Workopolis
ShoreWise Consulting,QA Analyst (Katalon + Groovy),https://www.workopolis.com/jobsearch/viewjob/_f4g31lVhVOYgmnItWSdTa35I6D2UIpvC98alOOuFzL1xOjB4FpZ9aQMDqB0YDUA,"Toronto, ON",Workopolis
Barton Malow Company,Quality Coordinator,https://www.workopolis.com/jobsearch/viewjob/se0Euw8XTWA6W3pnhN_Noxh7gIJrOvxm16gpBa6lVhDSiOS1_qnqLVqZh_75G2tE,"Woodstock, ON",Workopolis
Hooper Welding,Quality Assurance Lead,https://www.workopolis.com/jobsearch/viewjob/88jyx12IqdXef9OHWMl8g-MzaorgJiIFe-WG1abOSptTUw5urAhu0sBERNE3Lb3d,"Oakville, ON",Workopolis
Sapiens,Quality Assurance Analyst,https://www.workopolis.com/jobsearch/viewjob/G4bkINR0eIQ8mtG0CEAcMYR1w3t-SwGtvB9ghvgnFIDl_d_vBi6F0HZmtp_ZIyNV,Remote,Workopolis
Knak,Quality Assurance Analyst,https://www.workopolis.com/jobsearch/viewjob/y6bXNikh7zoVneepheiBwGJ_TOxSoSHv_FW36trTTy1UWANZ_70EVuR8kHXtZ3wA,"Ottawa, ON",Workopolis
DarkVision,Quality Assurance Manager,https://www.workopolis.com/jobsearch/viewjob/vdNYObMwYzHq6QUxJFeaJT_rFQMxZECAn3-A_wq592WvuOL2fDzmwsH_0ykJXeXy,"North Vancouver, BC",Workopolis
BMM Testlabs,Test Engineer,https://www.workopolis.com/jobsearch/viewjob/8U2oNfCu4-IG0FI_VCe4T0UNtZvYe23U9PdKCo6upKD4OveJ-qd8Hwt41TgaMyPF,"Dieppe, NB",Workopolis
Aritzia,"Information Technology - QA Manager, Retail Technology",https://www.workopolis.com/jobsearch/viewjob/sY8wuLXXn2GDS2_ZkDWEVirnpSmQb2f3nIuyTST3CX8d4v7JHNAj3OtG6xzgf9oE,"Vancouver, BC",Workopolis
Endeavour Solutions,Senior Quality Assurance Engineer,https://www.workopolis.com/jobsearch/viewjob/jCuu_-GMWnSEHx2X_QahQcgQpZGOBktNTVQs7KbUaQgwAayV8j81d-uTmuy85AMC,"Mississauga, ON",Workopolis
