First Name,Last Name,Title,Company Name,Company Name for Emails,Email,Email Status,Primary Email Source,Primary Email Verification Source,Email Confidence,Primary Email Catch-all Status,Primary Email Last Verified At,Seniority,Departments,Contact Owner,Work Direct Phone,Home Phone,Mobile Phone,Corporate Phone,Other Phone,Stage,Lists,Last Contacted,Account Owner,# Employees,Industry,Keywords,Person Linkedin Url,Website,Company Linkedin Url,Facebook Url,Twitter Url,City,State,Country,Company Address,Company City,Company State,Company Country,Company Phone,Technologies,Annual Revenue,Total Funding,Latest Funding,Latest Funding Amount,Last Raised At,Subsidiary of,Email Sent,Email Open,Email Bounced,Replied,Demoed,Number of Retail Locations,Apollo Contact Id,Apollo Account Id,Secondary Email,Secondary Email Source,Secondary Email Status,Secondary Email Verification Source,Tertiary Email,Tertiary Email Source,Tertiary Email Status,Tertiary Email Verification Source,Qualify Contact
Oscar,Azuara,Chief Information Security Officer,Grupo Diagnóstico Proa,Grupo Diagnóstico Proa,oscar.azuara@proa.com.mx,Verified,Apollo,Apollo,,Catch-all,2025-11-26T23:56:30+00:00,C suite,"C-Suite, Information Technology",winifredwatkinsem6f@yongyap.com,,,'+52 55 4094 8769,'+52 800 002 4676,,Cold,ss,,winifredwatkinsem6f@yongyap.com,710,"health, wellness & fitness","analisis clinicos, imagenologia, cardiologia, tomografia, rayos x, mastografia, colposcopia, resonancia magnetica, ultrasonido, wellness & fitness services, advanced imaging diagnostics, medical testing equipment, molecular diagnostics advancements, specialized medical diagnostics, biomarker discovery, b2c, genetic analysis, medical service excellence, medical imaging technology, healthcare, patient diagnostics, healthcare expansion, laboratory network, molecular diagnostics, healthcare quality standards, biomarker detection, medical device integration, medical laboratory, medical testing, healthcare digitalization, medical data management, healthcare infrastructure, diagnostic process, diagnostic quality control, biomarker analysis tools, healthcare accessibility, healthcare services, specialized diagnostics, molecular pathology, healthcare coverage, biochemical tests, laboratory accreditation, molecular imaging, molecular diagnostics equipment, radiology, molecular pathology labs, biochemical analysis, clinical diagnostics, molecular diagnostics mexico, molecular imaging technology, ambulatory health services, healthcare standards, biomarker technology, imaging diagnostics, medical service coverage, laboratory automation systems, point-of-care testing, healthcare it, molecular diagnostics solutions, patient care technology, mri scans, healthcare quality, healthcare innovation, molecular imaging research, healthcare growth, molecular diagnostics companies, precision diagnostics, diagnostic technology, genetic testing services, diagnostic report generation, medical service network, ultrasound, medical data integration, molecular imaging systems, advanced laboratory automation, diagnostic innovation, medical laboratories, laboratory services, medical data security, laboratory automation, molecular diagnostics innovation, diagnostic imaging, medical service provider, biochemistry, genetic testing, medical analysis, medical imaging software, healthcare compliance, diagnostic solutions, genomic analysis, hospital diagnostics, molecular diagnostics market, laboratory information systems, medical diagnostics industry, healthcare sector, customer service, medical tests, biomarker analysis, medical service quality, patient care, services, ambulatory diagnostics, medical imaging equipment, digital pathology, molecular medicine, healthcare data security, medical service providers, medical imaging techniques, medical results accuracy, biomarker research, medical results, laboratory quality assurance, imaging services, medical imaging procedures, medical record management, healthcare technology, medical imaging, advanced diagnostic techniques, medical analysis services, medical sector leadership, medical testing standards, medical and diagnostic laboratories, ultrasound imaging, clinical laboratory services, diagnostic software, healthcare market, clinical analysis, medical imaging diagnostics, molecular diagnostics industry, mri, medical analysis accuracy, diagnostic brands, blood tests, x-ray, biomarker detection technology, digital transformation, medical diagnostics, genomic testing, molecular biomarker testing, diagnostic centers, molecular testing services, genetic testing labs, x-ray imaging, molecular analysis, healthcare investment, medical diagnostics mexico, patient services, healthcare diagnostics, d2c, medical data analysis, laboratory testing protocols, digital diagnostic tools, mexico healthcare, medical check-up, diabetes management, thyroid profile, urinalysis, cholesterol screening, hormone testing, cervical screening, ultrasound services, radiology services, ct scans, x-ray services, hiv testing, syphilis screening, sexually transmitted infection tests, hormonal assessment, people health package, preventive check-ups, biometric analysis, vitamin d testing, oncology screenings, prostate antigen testing, health data management, patient results tracking, mobile health services, digital medical records, healthcare services for businesses, occupational health checks, covid-19 testing, electrocardiogram, spirometry tests, infectious disease testing, hematological studies, comprehensive metabolic panel, health assessments, patient care protocols, wellness packages, telemedicine services, medical support for companies, staff health programs, workplace health compliance, numerical health reports, real-time health data analysis, medical consultations, laboratory certifications, b2b, e-commerce, diagnostics, laboratory, imaging, medical, clinical, biochemical, specialized, ambulatory, health, wellness & fitness, health care, hospital & health care, medical & diagnostic laboratories, medical practice, consumer internet, consumers, internet, information technology & services",http://www.linkedin.com/in/oscar-azuara-7966678b,https://chopo.com.mx,http://www.linkedin.com/company/grupoproa,https://www.facebook.com/LabMedicoChopo/,https://twitter.com/LabMedicoChopo,Ciudad de Mexico,Ciudad de Mexico,Mexico,"Mexico City, Federal District, Mexico",Mexico City,Federal District,Mexico,'+52 800 002 4676,"ElasticEmail, Mailchimp Mandrill, Outlook, Microsoft Office 365, React, The Trade Desk, Magento, Facebook Comments, Google Analytics, Linkedin Marketing Solutions, YouTube, Google Font API, Google Tag Manager, Facebook Widget, CrazyEgg, Facebook Custom Audiences, Google Maps, Mobile Friendly, Google Dynamic Remarketing, DoubleClick Conversion, Bootstrap Framework, New Relic, Google Play, DoubleClick, Qualtrics, Google Maps (Non Paid Users), ShareThis, Twitter Advertising, Google AdWords Conversion, Facebook Login (Connect), Gusto, Sigma",15000000,,,,,,,false,false,false,false,,69419e092f942d000153fde7,69419e092f942d000153fe12,,,,,,,,,
Mariana,Dominguez,Chief Information Security Officer,GBM,GBM,mariana.d@gbm.com,Verified,Apollo,Apollo,,Catch-all,2025-11-25T22:40:27+00:00,C suite,"C-Suite, Information Technology",winifredwatkinsem6f@yongyap.com,,,'+1 425-500-9054,,,Cold,ss,,winifredwatkinsem6f@yongyap.com,1600,investment banking,"casa de bolsa, asset management, tecnologia, consumer apps, finanzas, inversiones, operadora de fondos, fintech, digital economy, enterprise software, digital ecosystem, alternative investments, it strategy, regional leader, digital ecosystem gcc, financial advisory, it project management, regional technology leader, it security, it support, it modernization, financial planning, services, ibm partner, cloud computing, technology innovation, operational efficiency, data analytics, it solutions provider, private equity, gcc market, b2b, cloud infrastructure, regional it support, information technology and services, digital transformation, it consulting, market research, customer engagement, it management, it consulting gcc, government, consulting, hedge funds, cisco gold partner, it infrastructure solutions, computer systems design and related services, financial services, computer and electronic product manufacturing, enterprise it, wealth management, regional digital transformation, it services, it modernization gcc, enterprise cybersecurity, risk management, regional market, it solutions, it solutions gcc, technology consulting, portfolio management, retirement planning, it infrastructure, technology expansion gcc, gcc it solutions, capital markets, technology expansion, it services provider, technology partnerships, regional it services, technology services, it consulting services, security solutions, regional presence, investment management, business transformation, cybersecurity gcc, cloud services, it systems, digital innovation, cloud infrastructure gcc, cybersecurity solutions, enterprise technology, cybersecurity, technology deployment, investment, technology growth, trading platform, etfs, stocks, bonds, structured notes, foreign exchange, managed accounts, real estate investment trusts, digital advisor, investment strategies, financial goals, low-risk investment, high-yield savings, customer support, financial tools, financial security, investor education, macroeconomic analysis, investment funds, performance analysis, financial portfolio, automated investment services, financial insights, data analysis, liquidity management, international investments, retirement accounts, investment opportunities, trade execution, transaction management, real-time market data, compliance in finance, financial products, financial instruments, client engagement, investment solutions, financial literacy, economic trends, healthcare, finance, distribution, technology, information technology & services, finance technology, enterprises, computer software, financial consulting, management consulting, computer & network security, internet infrastructure, internet, health care, health, wellness & fitness, hospital & health care",http://www.linkedin.com/in/marliz,https://gbm.com,http://www.linkedin.com/company/gbm-mx,https://facebook.com/gbmplus,https://twitter.com/GBMplus,Mexico City,Federal District,Mexico,"1605 Avenida Insurgentes Sur, Mexico City, Federal District, Mexico, 03900",Mexico City,Federal District,Mexico,,"Route 53, Microsoft Office 365, Amazon AWS, Outlook, VueJS, Cloudways, Atlassian Cloud, React Redux, Mobile Friendly, Google Tag Manager, Google Analytics, Facebook Custom Audiences, DoubleClick Conversion, DoubleClick, Facebook Login (Connect), Facebook Widget, Google Dynamic Remarketing, Hotjar, Gusto, Remote, Render",,225000000,Other,75000000,2022-08-01T00:00:00+00:00,,,false,false,false,false,,69419e092f942d000153fdd0,69419e092f942d000153fe00,marliz06@hotmail.com,Apollo,Verified,Apollo,,,,,
Alfonso,Diaz,CISO,Deloitte,Deloitte,alfdiaz@deloittemx.com,Verified,Apollo,Apollo,,,2025-12-07T18:12:43+00:00,Entry,"C-Suite, Information Technology",winifredwatkinsem6f@yongyap.com,,,'+52 55 5080 6113,'+1 212-648-4363,,Cold,ss,,winifredwatkinsem6f@yongyap.com,460000,management consulting,"consulting, financial advisory, risk management, audit, assurance, tax, legal, business consulting & services, professional services, enterprise risk management, tax planning, digital insights, construction & real estate, cybersecurity strategy, operational efficiency, digital platforms, blockchain solutions, healthcare, sustainable finance, enterprise performance, regulatory reporting, environmental services, data analytics solutions, consulting services, business process outsourcing, regulatory services, financial crime prevention, industry-specific consulting, digital risk management, customer experience, cloud computing, corporate governance, mergers and acquisitions, management consulting services, regulatory compliance, internal audit, sustainability, cybersecurity, cloud solutions, corporate finance, b2b, information technology, digital transformation, cyber defense, government, artificial intelligence, services, financial services, professional, scientific, and technical services, tax services, leadership development, data analytics, audit and assurance, technology consulting, innovation, strategy consulting, forensic advisory, global reach, financial technology, cloud services, audit services, advisory services, m&a services, sustainability consulting, diversity equity and inclusion, cyber risk, ai and analytics, human capital consulting, business transformation, industry insights, enterprise technology, market analysis, performance improvement, technology transformation, client engagement, economic outlook, employee benefits consulting, corporate social responsibility, government advisory, healthcare consulting, real estate advisory, supply chain optimization, public sector consulting, sector-specific strategies, sector-specific programs, workforce strategies, merger integration, crisis management consulting, stakeholder management, innovation consulting, operational excellence, change management, business continuity planning, client case studies, career development programs, finance, education, non-profit, consumer products & retail, transportation & logistics, energy & utilities, financial consulting, management consulting, professional training & coaching, health care, health, wellness & fitness, hospital & health care, renewables & environment, enterprise software, enterprises, computer software, information technology & services, mergers & acquisitions, strategic consulting, finance technology, nonprofit organization management",http://www.linkedin.com/in/alfonso-diaz-59b1157,https://deloitte.com,http://www.linkedin.com/company/deloitte,https://www.facebook.com/deloitteGreece,https://twitter.com/deloitte,Mexico City,Mexico City,Mexico,"14740 West 101st Terrace, Lenexa, Kansas, United States, 66215",Lenexa,Kansas,United States,'+1 212-648-4363,"Akamai, AT&T DNS, Microsoft Office 365, Indeed, Lever, Eventbrite, reCAPTCHA, Desire2Learn / Brightspace, Bing Ads, JQuery 1.11.1, Facebook Custom Audiences, Google translate widget, Taleo, Google Tag Manager, Hotjar, SuccessFactors (SAP), Adobe Media Optimizer, Highcharts JS Library, YouTube, Linkedin Widget, Bootstrap Framework, WordPress.org, Bootstrap Framework v3.1.1, Google Analytics Ecommerce Tracking, Nginx, Linkedin Login, Marin, Yahoo Retargeting, Zencoder, Marketo, Amadesa, Formassembly, Pardot, EventsAir by Centium, Linkedin Marketing Solutions, Gigya Registration, Confirmit, Adobe CQ, ON24, Workday Recruit, CrazyEgg, DemandBase, Taboola, Eloqua, DoubleClick, LiveRamp, Google Remarketing, Shutterstock, Google Dynamic Remarketing, The Trade Desk, Cloudinary, Salesforce, AT Internet, F5 BIG-IP, DoubleClick Floodlight, Cedexis Radar, Adform, Facebook Login (Connect), Google Play, Google AdSense, Sizmek (MediaMind), Vimeo, Google AdWords Conversion, Google Maps (Non Paid Users), SOASTA, Facebook Widget, Adobe TestAndTarget, DoubleClick Conversion, Mobile Friendly, Optimizely, Google Font API, Gigya, Krux, iTunes, Google translate API, SoundCloud, AppNexus, Walkme, Twitter Advertising, Typekit, AngularJS, RocketFuel, Google Maps, Google Analytics, Qualtrics, Indeed Sponsored Ads, Omniture (Adobe), OpinionLab, CampaignMonitor, BugHerd, Remote",67200000000,73380672,Other,9315914,2024-01-01T00:00:00+00:00,Deloitte Société d'Avocats (deloitte.fr),,false,false,false,false,,69419e092f942d000153fdd1,69419e092f942d000153fe01,,,,,,,,,
Francisco,Flores,Chief Information Security Officer,BANCO DEL BAJIO,BANCO DEL BAJIO,floresf@bb.com.mx,Verified,Apollo,Apollo,,,2025-11-25T15:38:21+00:00,C suite,"C-Suite, Information Technology",winifredwatkinsem6f@yongyap.com,,,'+52 477 724 3455,'+52 477 710 4632,,Cold,ss,,winifredwatkinsem6f@yongyap.com,6900,financial services,"servicios bancarios, servicios financieros, credito agropecuario, banca pyme, banca empresarial, banca internacional, servicios fiduciarios, inmobiliario, servicios de factoraje, banca electronica, digital banking innovation, regional bank, growth in noninterest income, loans, banking, b2b, noninterest income, digital banking platforms, trustee services, government, regional financial services, banking accounts, agri-food sector, electronic banking, banking sector, investment funds, banking in mexico city, financial growth, commercial banking, agri-food sector banking, user experience, interest rate management, software development, responsive design, banking for agriculture, banking technology, finance, interest margin, loan services, client relationships, sme banking, mexico banking, banking revenue streams, retail, banking in bajío region, regional banking in mexico, banking for government entities, savings funds, risk management, customer deposits, web design, banking in guanajuato, credit cards, digital banking, market share, local customer loyalty, banking for microenterprises, local relationships, mortgage loans, banking products, banking for food sector, bank expansion, sme financing, services, public company, insurance, trade services, banking for smes, market share in deposits, mobile banking, commercial loans, financial services, digital transaction services, local market, loan portfolio management, web development, banking for small businesses, b2c, foreign exchange, investment services, banking for medium enterprises, insurance products, credit products, banking in guadalajara, local market relationships, growth strategy, lending volume, banking diversification, foreign exchange services, banking in monterrey, market share in loans, javascript, browser compatibility, client-side scripting, dynamic content, interactive websites, front-end development, web applications, html, css, site performance, coding standards, modern web technologies, javascript frameworks, cross-browser functionality, web accessibility, programming languages, ajax, dom manipulation, event handling, api integration, frameworks, code optimization, responsive web design, debugging tools, open source, web services, content management system, security protocols, version control, test automation, mobile optimization, frontend libraries, load balancing, website analytics, custom scripts, seo optimization, seo compliance, performance enhancement, data visualization, content delivery network, e-commerce solutions, payment integration, user authentication, ux, information technology & services, computer software, consumer internet, consumers, internet",http://www.linkedin.com/in/francisco-flores-7155364,https://bb.com.mx,http://www.linkedin.com/company/banbajiomx,https://facebook.com/BanBajioMX/,https://twitter.com/BanBajioMX,,,Mexico,"352 Boulevard Manuel de Jesus Clouthier, Leon, Guanajuato, Mexico, 37128",Leon,Guanajuato,Mexico,'+52 477 710 4632,"Akamai, Microsoft Office 365, Emarsys, DoubleClick Floodlight, AppNexus, Google Maps, Adobe Media Optimizer, Google Dynamic Remarketing, Google Play, AddThis, Google Tag Manager, Ruxit, DoubleClick Conversion, Mobile Friendly, Oracle Webcenter, Cedexis Radar, Facebook Widget, Google Maps (Non Paid Users), Google Analytics, Facebook Login (Connect), DoubleClick, Facebook Custom Audiences, SOASTA, Vimeo, Gusto",1147043000,,,,,,,false,false,false,false,,69419e092f942d000153fddc,69419e092f942d000153fe09,frfp@hotmail.com,Apollo,Verified,Apollo,,,,,
Ernesto,Lira,Chief Information Security Officer,"Nacional Financiera, SNC",Nacional Financiera SNC,,Unavailable,,,,,,C suite,"C-Suite, Information Technology",winifredwatkinsem6f@yongyap.com,,,,'+52 800 623 4672,,Cold,ss,,winifredwatkinsem6f@yongyap.com,800,financial services,"asesoría financiera y legal, financiamiento, energy & utilities, financiamiento de proyectos de innovación tecnológica, gestión de fondos públicos, eficiencia energética, crédito para energías renovables, gestión de recursos, proyectos de impacto social, gestión de recursos para proyectos sostenibles, financiamiento para cambio climático, energías renovables, gestión de riesgos financieros, programas de capacitación empresarial, other nondepository credit intermediation, b2b, crédito para paneles solares, instrumentos financieros, transparencia y normatividad, financiamiento de proyectos públicos y privados, government, datos abiertos en finanzas, sostenibilidad, programas de reactivación económica regional, programas de apoyo a pymes, programas de financiamiento, finance and insurance, crédito para energía solar, garantías y afianzamiento, desarrollo regional, consulting, financiamiento de energías limpias, certificación iso 45001, cadenas productivas, protección de datos personales, certificación iso 9001, emisiones y relaciones internacionales, banca de empresas, relaciones internacionales en finanzas, financiamiento empresarial, financiamiento de proyectos de eficiencia energética, financiamiento de infraestructura sustentable, capacitacion y asistencia tecnica, desarrollo sostenible, programas de apoyo a mujeres empresarias, gestión de riesgos en energías limpias, services, finance, energy efficiency, environmental services, renewables & environment, sustainability, financial services",http://www.linkedin.com/in/ernesto-lira,https://nafin.com,http://www.linkedin.com/company/nacional-financiera-snc,http://www.facebook.com/NAFINSA,https://twitter.com/nafinoficial,Mexico City,Federal District,Mexico,"Mexico City, Mexico City, Mexico",Mexico City,Mexico City,Mexico,'+52 800 623 4672,"Outlook, Microsoft Office 365, Google Tag Manager, Bootstrap Framework, AddThis, Google Analytics, Mobile Friendly, Gusto",,,,,,,,false,false,false,false,,69419e092f942d000153fdd5,69419e092f942d000153fe05,,,,,,,,,
Luis,Fernando,Head of Cybersecurity Technologies Operations,Grupo Salinas,Grupo Salinas,l.fernando@gruposalinas.com,Verified,Apollo,Apollo,,,2025-12-02T17:33:17+00:00,Head,"Information Technology, Operations",winifredwatkinsem6f@yongyap.com,,,'+52 55 3717 8590,'+52 55 2601 5400,,Cold,ss,,winifredwatkinsem6f@yongyap.com,105000,financial services,"servicios financieros, retail, entretenimiento, medios de comunicacion, servicios de internet para el hogar, servicios de internet para empresas, produccion de contenidos, telecomunicaciones, television interactiva, telefonia a traves de fibra optica, motocicletas, ecommerce, accion social, arte y cultura, energias renovables, club de futbol, wgc mexico championship pga tour, app banca movil, agencia de comunicacion, transporte, consumer credit, financial services, media, customer access, telecommunications, renewable energy projects, social responsibility, b2c, telecom services, financial services for low-income, affordable financial services, family-led conglomerate, market share growth in telecom, media outlets, corporate social responsibility, broad media reach, renewable energy, mobile telecommunications, banco azteca, latin american markets, broadcaster, digital services, financial inclusion, electronics, banking, market presence, totalplay, tv azteca, consumer goods, appliances, market expansion, accessible banking, consumer finance, e-commerce, latin america retail, d2c, conglomerate, diversified group, renewable energy investments, asset management, media in spanish-speaking communities, retail banking, social initiatives, electronic retail, social impact initiatives, real estate services, services, family-owned business, latin america, commercial banking, telecom partnerships, underserved populations, media broadcasting, finance, consumer products & retail, energy & utilities, entertainment, consumer internet, consumers, internet, information technology & services, clean energy & technology, environmental services, renewables & environment, computer hardware, hardware",http://www.linkedin.com/in/luisfernandoeg,https://gruposalinas.com,http://www.linkedin.com/company/grupo-salinas,,https://twitter.com/GrupoSalinas_GS,Mexico City,Mexico City,Mexico,"4277 Boulevard Periferico Sur, Federal District, Mexico, 14210",,Federal District,Mexico,'+52 55 2601 5400,"Outlook, Microsoft Office 365, Render, Gusto",5000000000,,,,,,,false,false,false,false,,69419e092f942d000153fde3,69419e092f942d000153fe03,,,,,,,,,
Kerr,Guerrero C,Cibersecurity Director ( CISO ),Broxel,Broxel,kerr.guerrero@broxel.com,Verified,Apollo,Apollo,,Not Catch-all,2025-12-15T02:14:37+00:00,Director,"C-Suite, Information Technology",winifredwatkinsem6f@yongyap.com,,,'+52 55 3859 7715,'+1 855-279-2720,,Cold,ss,,winifredwatkinsem6f@yongyap.com,800,financial services,"medios de pago, procesamiento, emision de tarjetas, tecnologias de la informacion, tecnologia financiera, cloud infrastructure for banking, household finance management, e-commerce, financial ecosystem development, eco-friendly finance, mobile app, digital transformation, cloud security, digital payment platform, payment acceptance technology, virtual credit line, fintech product development, prepaid card services, sustainable financial products, cloud infrastructure management, payment technology innovation, digital finance solutions, api development, fintech innovation labs, customer service, customer-centric solutions, eco-friendly financial solutions, cloud technology in finance, payment acceptance solutions, regulatory compliance software, digital transaction security, customer engagement in fintech, fintech innovation, banking technology, cloud-based payment processing, digital banking security, financial ecosystem, remittance platform, payment link technology, remittance and transfer services, cloud security protocols for finance, cloud security measures, digital banking, prepaid cards, customer data protection, payment processing technology, cloud security compliance in banking, mobile payment solutions, regulatory standards in fintech, data protection, digital wallet security, payment processing systems, cross-border banking services, cross-border banking, digital financial ecosystem development, cloud security in banking, cross-border remittance solutions, regulatory compliance in fintech, fintech cloud solutions, financial products, digital banking innovation, virtual vault with interest, eco-friendly financial products, fintech innovation strategies, cloud-based financial services, secure digital transactions, api integrations, cloud security for payments, banking api, co-branded payment cards, services, scalable cloud platforms, digital ecosystem development for finance, financial services innovation, mobile banking app, fintech development, hispanic market banking, financial inclusion initiatives, cloud security compliance, payment solutions, fintech partnership ecosystem, financial technology development, fintech innovation in mexico, payment links, api security in fintech, corporate finance solutions, cloud infrastructure management for finance, fintech partnerships, fintech cloud infrastructure management, fintech solutions, financial inclusion, user experience, customer-centric digital finance, interest rate virtual accounts, secure transactions, regulatory compliant fintech solutions, digital financial services, financial technology, regulatory compliance, fintech for small businesses, cloud services, cloud hosting for finance, fintech api integration, digital financial inclusion, digital ecosystem development, payment processing innovation, fintech software development, digital banking services, banking technology solutions, cloud infrastructure for finance, digital financial ecosystem, payment gateway, customer experience in fintech, digital transformation in banking, digital transformation in finance, digital wallets, mobile payment acceptance, digital banking security measures, cloud platform security, cloud technology, scalable financial platforms, consumer and business finance, financial services, payment processing, financial ecosystem building, payment gateway integration, d2c, mobile banking, retail, financial transactions processing, reserve, and clearinghouse activities, consumer finance, fintech, mobile payment terminals, virtual vault, remittance services, digital wallet management, business finance, hispanic community banking, virtual credit line management, cloud-based financial ecosystems, cloud security in finance, cloud security protocols, cloud hosting for financial services, digital payment solutions, digital wallet security solutions, cloud infrastructure, online shopping, fintech cloud infrastructure, fintech for hispanic community, corporate financial solutions, payment technology, cross-border payments, fintech api integration strategies, digital payment security, digital product development in finance, cross-border payment technology, whatsapp payment integration, cross-border remittances, sustainable banking practices, virtual vault with high interest, customer-focused financial solutions, co-branded cards, b2c, regulatory compliance tools, regulatory standards compliance, cross-border banking solutions, fintech partnership ecosystems, b2b, interest-earning accounts, digital wallets for remittances, api integration in fintech, fintech scalability solutions, interest rate accounts, interest-earning virtual accounts, cloud platform security measures, cloud financial platform, whatsapp payment solutions, sustainable finance, digital wallet app, fintech partnership strategies, cloud computing, household finance tools, customer engagement tools, payment links via whatsapp, prepaid card, money transfer, financial empowerment, mexican-issued card, app management, contactless payment, savings vault, currency exchange, financial flexibility, instant funds, family plan, remittance service, get paid with link, cobra con loop, banking app, daily expenses, anti-fraud measures, 24/7 access, account management, dynamic cvc code, spending control, atm access, bill payment, card activation, account registration, money reloading, qr code payment, flexible financial solutions, hispanic community, international money transfers, retail partnerships, easy registration, loyalty rewards, cashback offers, low fees, transfer service, financial literacy, goal-oriented savings, credit score improvement, digital banking solutions, virtual banking, family budgeting tools, cross-border financial services, finance, distribution, consumer internet, consumers, internet, information technology & services, ux, finance technology, enterprise software, enterprises, computer software, internet infrastructure",http://www.linkedin.com/in/kerr-g-188b05166,https://broxel.com,http://www.linkedin.com/company/broxel,https://www.facebook.com/BroxelApp/,https://twitter.com/BroxelApp,Mexico City,Mexico City,Mexico,"555 Avenida Javier Barros Sierra, Ciudad de Mexico, Ciudad de Mexico, Mexico, 01219",Ciudad de Mexico,Ciudad de Mexico,Mexico,'+1 855-279-2720,"RackSpace DNS, Gmail, Google Apps, Microsoft Office 365, VueJS, Typeform, Salesforce, Facebook Widget, DoubleClick Conversion, Google Tag Manager, Google Analytics, Mobile Friendly, WordPress.org, CrazyEgg, Google Font API, Facebook Login (Connect), Apache, Google Dynamic Remarketing, Hotjar, Google AdWords Conversion, Facebook Custom Audiences, DoubleClick, Microsoft-IIS, ASP.NET, Linkedin Marketing Solutions, Amadesa, Google Play, Gusto",156900000,,,,,,,false,false,false,false,,69419e092f942d000153fde8,69419e092f942d000153fe13,,,,,,,,,
Armando,Lopez,Chief Information Security Officer,Crediclub,Crediclub,armando.lopez@crediclub.com,Verified,Apollo,Apollo,,,2025-12-02T19:01:59+00:00,C suite,"C-Suite, Information Technology",winifredwatkinsem6f@yongyap.com,,,'+52 81 2493 7072,'+52 81 8000 9800,,Cold,ss,,winifredwatkinsem6f@yongyap.com,880,financial services,"servicios financieros, microfinanzas, pequena empresa, innovative financial services, high-yield fixed deposits, fast approval, moody's a+, investment solutions, retail, online financial planning, credit and debit cards, fintech ecosystem, group loans, digital financial tools, sustainable finance, digital finance, digital banking, online loan application, real-time investment tracking, digital financial solutions for underserved, investment management, high returns, environmental responsibility, customer trust, financial education, innovative financial products, high security digital platform, over 19 years experience, credit solutions, investment from ifc, digital financial innovation in latin america, sustainable investment products, secure savings, fintech, high yield investments, real-time monitoring, b2c, high security digital transactions, instant credit approval, industry leader, low minimum investment, investment from the carlyle group, strategic investors, online loans, services, digital wallets, online banking, digital transformation, investment products, digital financial empowerment, high security, client empowerment, fintech startups, environmentally friendly banking, growth hacking, financial stability, banking, mobile banking, industry growth, digital payments, customer-centric, high-yield savings, secure investments, technology-driven finance, digital credit, d2c, digital financial advisory, growth rate, mobile account management, payment solutions, mobile app management, financial innovation, customer service, digital financial literacy, high-yield savings accounts, financial services, digital financial services, other activities related to credit intermediation, financial technology, fast approval process, eco-friendly banking practices, social impact, regulatory compliance, awards and recognitions, fintech innovation, mobile app development, customer engagement, financial advisory, environmental sustainability, high security ratings, digital banking for smes, sustainable growth, low risk, digital security, digital financial inclusion, strategic alliances, personal loans, hr ratings a, financial inclusion initiatives, investment platform, digital financial education, digital savings plans, growth in latin america, financial inclusion, finance, education, finance technology, information technology & services, software development, financial consulting, consulting, management consulting",http://www.linkedin.com/in/armando-l-598a7a79,https://crediclub.com,http://www.linkedin.com/company/crediclub,https://www.facebook.com/Crediclub.mex,https://twitter.com/crediclubrd,Monterrey,Nuevo Leon,Mexico,"310 Avenida San Jeronimo, Monterrey, Nuevo Leon, Mexico, 64640",Monterrey,Nuevo Leon,Mexico,'+52 81 8000 9800,"Mailchimp Mandrill, Outlook, Microsoft Office 365, Amazon AWS, GitHub Hosting, Mobile Friendly, Vimeo, Google Tag Manager, Gusto, AI",16700000,80000000,Other,80000000,2022-10-01T00:00:00+00:00,,,false,false,false,false,,69419e092f942d000153fdd6,69419e092f942d000153fe06,,,,,,,,,
Emanuel,Jimenez Alvarez,"Lead Information Security Assessor, Chief Information Security Office",Citi,Citi,emanuel.jimenez@citi.com,Verified,Apollo,Apollo,,Catch-all,2025-12-10T16:05:21+00:00,Manager,"C-Suite, Information Technology, Operations",winifredwatkinsem6f@yongyap.com,,,,'+1 212-793-0710,,Cold,ss,,winifredwatkinsem6f@yongyap.com,229000,financial services,"banking, commercial banking, investment banking, wealth management, credit cards, capital markets, equity & fixed income research, consumer lending, cash management, transaction services, enterprise software, software, information technology, major banks, finance, corporate banking, digital banking platforms, payment processing, banking diversification, retail, banking operations, international banking, customer service, banking innovation, financial analysis, mortgages, retail banking, banking history, digital banking platform, b2c, banking customer base, risk management, mortgage, banking restructuring, wealth advisory, emerging markets, customer experience, banking assets, banking headquarters, financial services, retirement planning, b2b, asset management, banking and financial services, financial innovation, digital banking, private banking services, securities trading, banking milestones, investment management, emerging markets banking, banking growth, atm, banking employees, global presence, financial planning, personal loans, trade finance, services, private banking, digital assets, banking challenges, banking technology, government, financial consulting, online banking, savings accounts, investment options, loan applications, customer support, account management, mobile banking, credit score monitoring, rewards programs, interest rates, funding solutions, digital wallets, personal financial planning, secure transactions, fraud protection, overdraft services, debt consolidation, home equity loans, student loans, prepaid cards, insurance services, financial education, budgeting tools, auto loans, foreign currency exchange, wire transfers, atm access, branch locations, account types, loan calculators, investment accounts, credit analysis, online statements, e-statements, account alerts, investment strategies, business accounts, mobile app features, loyalty programs, distribution, enterprises, computer software, information technology & services, management consulting, consulting, e-commerce, consumer internet, consumers, internet, banks & credit unions",http://www.linkedin.com/in/emanuel-jimenez-alvarez-80bb5a140,https://citi.com,http://www.linkedin.com/company/citi,https://facebook.com/citi,https://twitter.com/Citi,,Estado de Mexico,Mexico,"388 Greenwich Street, New York, New York, United States, 10013",New York,New York,United States,'+1 212-793-0710,"Akamai, Microsoft Office 365, accessiBe, Atlassian Cloud, OneTrust, Appcues, React Redux, Citrix NetScaler, The Trade Desk, MongoDB, Workday, Omniture (Adobe), Amazon SES, ExactTarget, Apache, DoubleClick, Typekit, Google Tag Manager, Google Play, Ensighten, Workday Recruit, Nginx, Yahoo Analytics, Bing Ads, HeapAnalytics, Hotjar, Mobile Friendly, Intercom, Linkedin Marketing Solutions, Kaltura, SoundCloud, Vimeo, YouTube",167866000000,,,,,Citi Brasil (citibank.com),,false,false,false,false,501,69419e092f942d000153fde1,69419e092f942d000153fe0e,,,,,,,,,
Jesus,Medina Cantu,Chief Information Security Officer,Grupo Financiero Banorte,Grupo Financiero Banorte,jesus.medina.cantu@banorte.com,Verified,Apollo,Apollo,,Not Catch-all,2025-12-15T02:18:14+00:00,C suite,"C-Suite, Information Technology",winifredwatkinsem6f@yongyap.com,,,'+52 55 5662 4679,'+52 81 8319 6500,,Cold,ss,,winifredwatkinsem6f@yongyap.com,35000,banking,"banca, finanzas, creditos, seguros, pensiones, insurance, women-owned businesses, market position, asset management, financial services, retirement funds, sustainability, branch network, atm network, banking, bank subsidiaries, auto loans, financial group, remittances, leasing, smes, digital banking, commercial banking, financial technology, investment, u.s. hispanic market, environmental policies, mexico, credit cards, social responsibility, financial products, mortgages, corporate banking, market leader, factoring, publicly traded, brokerage, client services, b2b, b2c, finance, distribution, construction & real estate, environmental services, renewables & environment, finance technology, information technology & services",http://www.linkedin.com/in/jes%c3%bas-ricardo-medina-cant%c3%ba-007507b8,https://banorte.com.mx,http://www.linkedin.com/company/grupofinancierobanorte,https://facebook.com/banorte,https://twitter.com/Banorte_mx,Monterrey,Nuevo Leon,Mexico,"3000 Avenida Revolucion, Monterrey, Nuevo Leon, Mexico, 64840",Monterrey,Nuevo Leon,Mexico,'+52 81 8319 6500,"Akamai, Salesforce, Akamai DNS, Outlook, Microsoft Office 365, Pantheon, Genesys, SuccessFactors (SAP), Android, Gusto",10525947000,,,,,,,false,false,false,false,,69419e092f942d000153fdde,69419e092f942d000153fe0b,,,,,,,,,
Omar,Tolentino,CISO / Head of Cybersecurity at Grupo Educativo Tecnológico de Monterrey,Tecnológico de Monterrey,Tecnológico de Monterrey,tolentino@tec.mx,Verified,Apollo,Apollo,,Not Catch-all,2025-11-21T20:15:28+00:00,Head,"C-Suite, Information Technology",winifredwatkinsem6f@yongyap.com,,,'+52 81 1577 3460,'+52 81 8358 2000,,Cold,ss,,winifredwatkinsem6f@yongyap.com,28000,higher education,"education, high school, professional, engineering, phds, research, disruptive education model, ai in education, tec21 educational model, global recognition, advanced research centers, sustainability, student-centered approach, academic rankings, disruptive education, industry partnerships, private university, advanced laboratories, international students, data science, entrepreneurship focus, research impact, advanced research infrastructure, digital platforms for research, undergraduate degrees, international partnerships, research centers, research and development, leadership development, digital learning, sustainable development research, interdisciplinary research, technology integration, digital platforms, virtual and augmented reality education, master's programs, metaverse, interdisciplinary innovation, challenge-based learning, doctoral programs, technology in education, highly skilled graduates, virtual reality, high school programs, technological advancements, educational models, educational innovation, industry ties, industry relevance, multicampus system, academic programs, disruptive higher education, student development, student engagement, global rankings, metaverse applications in learning, virtual labs, biotechnology, educational technology, collaborative research, generative ai, sustainable development, virtual reality in education, industry-driven research, research funding, colleges, universities, and professional schools, innovation, industry-academia partnership, global academic rankings, research publications, university system, online learning, industry collaboration, services, digital transformation, academic excellence, metaverse applications, global collaboration, digital twin technology in universities, generative ai in academia, innovative education, internationalization, industry solutions, higher education, interdisciplinary studies, student admissions, scholarships, bachelor's degree, master's degree, doctorate, human flourishing, community service, sports programs, cultural activities, international programs, entrepreneurship, mentoring, educational model, socio-emotional learning, extracurricular activities, stem, languages, learning outcomes, student life, career services, professional development, global perspectives, scientific research, humanities, health sciences, social sciences, business administration, design thinking, critical thinking, service learning, impactful education, civic engagement, collaboration, networking, applied knowledge, personal growth, lifetime learning, non-profit, primary/secondary education, education management, environmental services, renewables & environment, research & development, information technology & services, e-learning, internet, computer software, nonprofit organization management",http://www.linkedin.com/in/omar-tolentino,https://tec.mx,http://www.linkedin.com/school/tecdemonterrey,https://www.facebook.com/tecdemonterrey ,https://twitter.com/tecdemonterrey,Monterrey,Nuevo Leon,Mexico,"2501 Avenida Eugenio Garza Sada, Monterrey, Nuevo Leon, Mexico, 64700",Monterrey,Nuevo Leon,Mexico,'+52 81 8358 2000,"Gmail, Outlook, Google Apps, Microsoft Office 365, GoDaddy Hosting, Drupal, Atlassian Cloud, Netlify, OneTrust, Python, Salesforce Service Cloud, Webflow, ExactTarget, Salesforce Live Agent, SuccessFactors (SAP), Salesforce, Facebook Login (Connect), Google Analytics, Google AdSense, Vimeo, Google Maps, DoubleClick, Twitter Advertising, CrazyEgg, Kaltura, Qualtrics, Google Play, UserLike, New Relic, Varnish, Wufoo, WordPress.org, Stripe, FullStory, Segment.io, Ruby On Rails, Facebook Widget, Tint, Facebook Custom Audiences, Nginx, Wistia, UserZoom, Disqus, Shutterstock, Google Plus, Cedexis Radar, Linkedin Marketing Solutions, Google Tag Manager, Paypal, AddThis, Bing Ads, AppNexus, AB Tasty, DoubleClick Conversion, Quantcast, Highcharts JS Library, Google Dynamic Remarketing, Google AdWords Conversion, Mobile Friendly, Hotjar, Bootstrap Framework, MouseFlow, Hubspot, AngularJS, Google Font API, Incapsula, Adobe Media Optimizer, reCAPTCHA, Cloudinary, DoubleClick Floodlight, VHX, Google Maps (Non Paid Users), YouTube, Multilingual, iGoDigital, Gusto",2200000000,,,,,,,false,false,false,false,,69419e092f942d000153fdd7,69419e092f942d000153fe02,,,,,,,,,
Maria,Jimenez Boy,CISO,Santander,Santander,mariajimenezbo@santander.com.mx,Verified,Apollo,Apollo,,,2025-11-30T04:03:14+00:00,Entry,"C-Suite, Information Technology",winifredwatkinsem6f@yongyap.com,,,,'+34 902 11 22 11,,Cold,ss,,winifredwatkinsem6f@yongyap.com,207000,banking,"banca, servicios financieros, financial services, corporate banking, cyber security, banking, information technology, commercial banks, finance, financial products, banking community outreach, fintech collaborations, online banking, esg, services, market analysis, d2c, digital channels, commercial banking, banking in europe and americas, wealth management, banking software, banking and financial services, data security, banking technology, community engagement, banking apps, asset management, banking operations, banking cloud services, customer-centric banking, financial analytics, banking history, green transition, esg reporting, financial literacy programs, sustainable growth, technology investment, risk management, responsible banking, sustainability initiatives, financial inclusion, credit analysis, community support, regulatory compliance, digital platforms, sme banking, financial education, mergers and acquisitions, banking innovation, mobile banking, b2b, digital transformation, shareholder value, banking data analytics, community development, insurance, shareholder relations, digital payments, loan services, esg practices, customer engagement, digital banking, digital banking platforms, customer experience, customer-centric, global presence, banking digital transformation, b2c, credit solutions, banking infrastructure, banking innovation labs, financial stability, trust and reputation, loan solutions, retail banking, banking sustainability reports, loan origination, customer loyalty, financial inclusion initiatives, e-commerce, financial planning, financial resilience, banking regulations, cybersecurity, banking ai solutions, fintech, insurance services, risk assessment, private banking, digital payments solutions, investment banking, banking cybersecurity, market expansion, digital customer onboarding, financial compliance, retail, capital markets, credit services, loans, sustainable finance, community banking, market diversification, financial technology, regulatory reporting, innovation, green transition support, corporate governance, equity research, corporate sponsorship, sustainable banking, consumer finance, diversity and inclusion, entrepreneurship support, environmental responsibility, social impact, open financial services, cross-border payments, e-commerce solutions, financial health, net-zero carbon emissions, corporate social responsibility, global banking, financial innovation, educational initiatives, stem recruitment, volunteering, profitability growth, cost management, strategic partnerships, business model, stakeholder engagement, brand visibility, community empowerment, employee engagement, corporate culture, client satisfaction, education, computer & network security, information technology & services, investment management, mergers & acquisitions, consumer internet, consumers, internet, finance technology",http://www.linkedin.com/in/mar%c3%ada-de-lourdes-jim%c3%a9nez-boy-5b101275,https://santander.com,http://www.linkedin.com/company/banco-santander,https://www.facebook.com/santanderglobal,https://twitter.com/bancosantander?lang=en,Mexico City,Mexico City,Mexico,"Avenida de Cantabria, Comunidad de Madrid, Spain",,Comunidad de Madrid,Spain,'+34 902 11 22 11,"Akamai DNS, Outlook, Microsoft Office 365, OneTrust, GitHub Hosting, Workday, Adobe CQ, Omniture (Adobe), Salesforce, Atlassian Cloud, React Redux, React, MongoDB, Figma, ExactTarget, Facebook Custom Audiences, Facebook Login (Connect), Tealium, Workday Recruit, Vimeo, Google AdWords Conversion, Mobile Friendly, Google Analytics, Google Tag Manager, Google Dynamic Remarketing, reCAPTCHA, Twitter Advertising, DoubleClick Conversion, Bing Ads, DoubleClick, Linkedin Marketing Solutions, WordPress.org, DoubleClick Floodlight, Cedexis Radar, Facebook Widget, Adobe Media Optimizer, Google Font API, Ruxit",135134657000,,,,,,,false,false,false,false,,69419e092f942d000153fde5,69419e092f942d000153fe10,,,,,,,,,
Jose,Goyri Escalona,CISO Chief Information Security Officer,Grupo Salinas,Grupo Salinas,jescalona@gruposalinas.com,Verified,Apollo,Apollo,,,2025-12-01T19:16:26+00:00,C suite,"C-Suite, Information Technology",winifredwatkinsem6f@yongyap.com,,,'+52 55 6805 1642,'+52 55 2601 5400,,Cold,ss,,winifredwatkinsem6f@yongyap.com,105000,financial services,"servicios financieros, retail, entretenimiento, medios de comunicacion, servicios de internet para el hogar, servicios de internet para empresas, produccion de contenidos, telecomunicaciones, television interactiva, telefonia a traves de fibra optica, motocicletas, ecommerce, accion social, arte y cultura, energias renovables, club de futbol, wgc mexico championship pga tour, app banca movil, agencia de comunicacion, transporte, consumer credit, financial services, media, customer access, telecommunications, renewable energy projects, social responsibility, b2c, telecom services, financial services for low-income, affordable financial services, family-led conglomerate, market share growth in telecom, media outlets, corporate social responsibility, broad media reach, renewable energy, mobile telecommunications, banco azteca, latin american markets, broadcaster, digital services, financial inclusion, electronics, banking, market presence, totalplay, tv azteca, consumer goods, appliances, market expansion, accessible banking, consumer finance, e-commerce, latin america retail, d2c, conglomerate, diversified group, renewable energy investments, asset management, media in spanish-speaking communities, retail banking, social initiatives, electronic retail, social impact initiatives, real estate services, services, family-owned business, latin america, commercial banking, telecom partnerships, underserved populations, media broadcasting, finance, consumer products & retail, energy & utilities, entertainment, consumer internet, consumers, internet, information technology & services, clean energy & technology, environmental services, renewables & environment, computer hardware, hardware",http://www.linkedin.com/in/jose-antonio-goyri-escalona-56b72b101,https://gruposalinas.com,http://www.linkedin.com/company/grupo-salinas,,https://twitter.com/GrupoSalinas_GS,Mexico City,Mexico City,Mexico,"4277 Boulevard Periferico Sur, Federal District, Mexico, 14210",,Federal District,Mexico,'+52 55 2601 5400,"Outlook, Microsoft Office 365, Render, Gusto",5000000000,,,,,,,false,false,false,false,,69419e092f942d000153fdd3,69419e092f942d000153fe03,,,,,,,,,
Roberto,Flores Gtz,Chief Information Security Operations / Director Sr Seguridad Infraestructura TI,AFIRME FINANCIAL GROUP,AFIRME FINANCIAL GROUP,roberto.flores@afirme.com,Verified,Apollo,Apollo,,Catch-all,2025-11-16T18:30:02+00:00,Director,"C-Suite, Information Technology, Operations",winifredwatkinsem6f@yongyap.com,,,'+52 55 2301 4354,'+52 81 8318 3990,,Cold,ss,,winifredwatkinsem6f@yongyap.com,2600,banking,"financial services, banca, creditos, mexican bank, banking, wealth management, leasing services, financial management, leasing for equipment, sme banking, insurance, banking services, credit services, risk management, retail banking, b2b, financial consulting, leasing solutions, financial institution, banking operations, corporate finance, factoring, leasing, customer experience, loans, inventory warehousing, customer service, services, operational efficiency, regulatory compliance, commercial banking, insurance products, retail, payment processing, payment solutions, e-commerce, insurance for small business, digital transformation, credit products, warehouse services, insurance solutions, home insurance, financial technology, b2c, financial stability, investment management, investment portfolios, credit risk assessment, factoring for smes, corporate leasing, asset-backed securities, investment funds, life insurance, financial risk management, auto insurance, financial planning, factoring services, asset management, banking products, corporate banking, online banking, personal loans, auto loans, mortgage loans, credit cards, savings accounts, cash management, remittance services, foreign exchange, financial analysis, business financing, deposit accounts, consumer banking, microcredit programs, money transfer services, credit score improvement, loan applications, mobile banking, transaction security, digital wallet, credit assessment, account management, financial products, insurance services, correspondent banking, financial partnerships, business credit lines, investment strategies, customer support, capital management, mobile app transactions, savings plans, loan refinancing, interest rates, deposit protection, payment gateways, automated services, account security, finance, construction & real estate, management consulting, consumer internet, consumers, internet, information technology & services, finance technology",http://www.linkedin.com/in/roberto-flores-gtz-953ab314,https://afirme.com,http://www.linkedin.com/company/afirme-financial-group,,,Ciudad de Mexico,Ciudad de Mexico,Mexico,"800 Avenida Benito Juarez Sur, Monterrey, Nuevo Leon, Mexico, 64000",Monterrey,Nuevo Leon,Mexico,'+52 81 8318 3990,"Amazon SES, Sendgrid, Outlook, Microsoft Office 365, Zendesk, VueJS, SuccessFactors (SAP), Google Maps (Non Paid Users), Ruxit, Google Font API, Google Tag Manager, Linkedin Marketing Solutions, Mobile Friendly, Zopim, Google Maps, YouTube, Google Analytics, Gusto, Highspot",,,,,,,,false,false,false,false,,69419e092f942d000153fdda,69419e092f942d000153fe07,,,,,,,,,
Alberto,Gonzalez,Chief Information Security Officer,"Marketing, Ideas and Technology",Marketing Ideas and Technology,alberto.gonzalez@mitec.com.mx,Verified,Apollo,Apollo,,Not Catch-all,2025-12-01T17:25:59+00:00,C suite,"C-Suite, Information Technology",winifredwatkinsem6f@yongyap.com,,,'+52 55 3999 2529,'+52 55 1500 9020,,Cold,ss,,winifredwatkinsem6f@yongyap.com,270,financial services,"payment solutions, banking transactions, fraud prevention, payment methods, payment centers, fintech, marketing technology, performance marketing, marketing analytics, email marketing, marketing solutions, market research, digital marketing tools, market analysis, tech integration, campaign management, brand strategy, branding services, digital marketing, marketing campaign automation, customer acquisition, data analytics, crm integration, online advertising, social media marketing, marketing strategy, digital advertising, software development, advertising agencies, marketing and advertising, customer segmentation, brand development, seo, content creation, business growth, marketing automation, web development, customer engagement, sem, content marketing, digital transformation, technology services, lead generation, b2b, finance technology, information technology & services, financial services, marketing & advertising, consumer internet, consumers, internet, search marketing, marketing, saas, computer software, enterprise software, enterprises, sales",http://www.linkedin.com/in/albertx,https://mitec.com.mx,http://www.linkedin.com/company/mercadotecnia-ideas-y-tecnologia-s-a--de-c-v-,https://facebook.com/mitecmexico/,https://twitter.com/mitecmexico,Mexico City,Mexico City,Mexico,"92 Corregidora, Federal District, Mexico, 14250",,Federal District,Mexico,'+52 55 1500 9020,"Amazon CloudFront, Route 53, Outlook, Amazon AWS, Google Font API, Mobile Friendly, Google Tag Manager, Bootstrap Framework, Gusto",,,,,,PagoNxt (a Santander company) (pagonxt.com),,false,false,false,false,,69419e092f942d000153fde2,69419e092f942d000153fe0f,,,,,,,,,
Edgar,Diaz Ruiz,Chief Information Security Officer,C3NTRO Telecom,C3NTRO Telecom,edgar.diaz@c3ntro.com,Verified,Apollo,Apollo,,Catch-all,2025-12-02T20:24:50+00:00,C suite,"C-Suite, Information Technology",winifredwatkinsem6f@yongyap.com,,,'+52 55 1008 2360,'+52 55 5147 8040,,Cold,ss,,winifredwatkinsem6f@yongyap.com,520,information technology & services,"comunicaciones unificadas, sip trunking, dids, cloud contact center, sms, carrier services, videoconferencia, conectividad a la nube, voip, enlaces dedicados, e internet empresarial de alta capacidad, colaboracion, omnicanalidad, ciberseguridad, it services & it consulting, data center connectivity, 24/7 noc & soc, intercity fiber rings, managed services, fiber connectivity, wavelength services, multi-cloud connectivity, interconnection with carriers, unified communications, wholesale telecom services, managed it services, ott platform support, global telecom carrier, carrier-neutral data centers, international voice and sms, network security, high-capacity bandwidth, b2b telecom solutions, traffic management, global carrier solutions, customer-centric solutions, dark fiber services, multinational telecom provider, omnichannel, cloud voip, cloud migration services, latency optimized networks, advanced optical transport, international traffic management, innovation, reliable telecom partner, real-time traffic analytics, data security, did services, b2b, cybersecurity, high-capacity international links, operational efficiency, data center services, high availability network, carrier licensing mexico, information technology, secure fiber infrastructure, sdn networks, cpaas integration, telecom awards and recognition, fraud control, wavelength division multiplexing, international carrier interconnection, cloud services, secure cloud interconnects, optical transport networks, next-generation optical networks, dark fiber leasing, services, cloud computing, enterprise software, digital transformation, carrier-grade fiber network, long-haul connectivity, cloud communication solutions, customer service, multi-protocol label switching (mpls), telecommunications, wholesale trade, enterprise solutions, high-speed internet, cloud connectivity, network management, sd-wan, wifi solutions, routing and switching, cloud management, cloud migration, video conferencing, customer success, mass sms, av solutions, digital signage, voice traffic management, sms wholesale, colocation services, network redundancy, infrastructure support, productivity enhancement, collaboration tools, private connectivity, lan to lan, data center links, high availability, data monitoring, service level agreements (slas), remote hands services, customized solutions, on-demand bandwidth, customer-centric services, change management consulting, network efficiency, application optimization, finance, distribution, transportation & logistics, messaging, information technology & services, computer & network security, enterprises, computer software, financial services",http://www.linkedin.com/in/edgar-octavio-d%c3%adaz-ru%c3%adz-45aa411ba,https://c3ntro.com,http://www.linkedin.com/company/c3ntro-telecom,https://es-la.facebook.com/C3ntroTelecom,https://twitter.com/c3ntrotelecom,Mexico City,Mexico City,Mexico,"340 Avenida Paseo de las Palmas, Mexico City, Federal District, Mexico, 11000",Mexico City,Federal District,Mexico,'+52 55 5147 8040,"Gmail, Outlook, Google Apps, MailChimp SPF, Microsoft Office 365, JQuery 2.1.1, Google Dynamic Remarketing, Facebook Custom Audiences, Linkedin Widget, Hubspot, Google Tag Manager, Twitter Advertising, Linkedin Marketing Solutions, Bootstrap Framework, Facebook Widget, CrazyEgg, DoubleClick Conversion, YouTube, Google Analytics, Mobile Friendly, Linkedin Login, DoubleClick, Facebook Login (Connect), Gusto",100000000,,,,,,,false,false,false,false,,69419e092f942d000153fddf,69419e092f942d000153fe0c,,,,,,,,,
Marco,Pena Diaz,"Founder, MSc, COO, Cciso, AI & Data",Tecnológico de Monterrey,Tecnológico de Monterrey,marco.delangel@tec.mx,Verified,Apollo,Apollo,,Not Catch-all,2025-11-29T18:53:18+00:00,Founder,"C-Suite, Engineering & Technical, Information Technology, Operations",winifredwatkinsem6f@yongyap.com,,,'+52 81 1531 2725,'+52 81 8358 2000,,Cold,ss,,winifredwatkinsem6f@yongyap.com,28000,higher education,"education, high school, professional, engineering, phds, research, disruptive education model, ai in education, tec21 educational model, global recognition, advanced research centers, sustainability, student-centered approach, academic rankings, disruptive education, industry partnerships, private university, advanced laboratories, international students, data science, entrepreneurship focus, research impact, advanced research infrastructure, digital platforms for research, undergraduate degrees, international partnerships, research centers, research and development, leadership development, digital learning, sustainable development research, interdisciplinary research, technology integration, digital platforms, virtual and augmented reality education, master's programs, metaverse, interdisciplinary innovation, challenge-based learning, doctoral programs, technology in education, highly skilled graduates, virtual reality, high school programs, technological advancements, educational models, educational innovation, industry ties, industry relevance, multicampus system, academic programs, disruptive higher education, student development, student engagement, global rankings, metaverse applications in learning, virtual labs, biotechnology, educational technology, collaborative research, generative ai, sustainable development, virtual reality in education, industry-driven research, research funding, colleges, universities, and professional schools, innovation, industry-academia partnership, global academic rankings, research publications, university system, online learning, industry collaboration, services, digital transformation, academic excellence, metaverse applications, global collaboration, digital twin technology in universities, generative ai in academia, innovative education, internationalization, industry solutions, higher education, interdisciplinary studies, student admissions, scholarships, bachelor's degree, master's degree, doctorate, human flourishing, community service, sports programs, cultural activities, international programs, entrepreneurship, mentoring, educational model, socio-emotional learning, extracurricular activities, stem, languages, learning outcomes, student life, career services, professional development, global perspectives, scientific research, humanities, health sciences, social sciences, business administration, design thinking, critical thinking, service learning, impactful education, civic engagement, collaboration, networking, applied knowledge, personal growth, lifetime learning, non-profit, primary/secondary education, education management, environmental services, renewables & environment, research & development, information technology & services, e-learning, internet, computer software, nonprofit organization management",http://www.linkedin.com/in/motilio,https://tec.mx,http://www.linkedin.com/school/tecdemonterrey,https://www.facebook.com/tecdemonterrey ,https://twitter.com/tecdemonterrey,Leon,Guanajuato,Mexico,"2501 Avenida Eugenio Garza Sada, Monterrey, Nuevo Leon, Mexico, 64700",Monterrey,Nuevo Leon,Mexico,'+52 81 8358 2000,"Gmail, Outlook, Google Apps, Microsoft Office 365, GoDaddy Hosting, Drupal, Atlassian Cloud, Netlify, OneTrust, Python, Salesforce Service Cloud, Webflow, ExactTarget, Salesforce Live Agent, SuccessFactors (SAP), Salesforce, Facebook Login (Connect), Google Analytics, Google AdSense, Vimeo, Google Maps, DoubleClick, Twitter Advertising, CrazyEgg, Kaltura, Qualtrics, Google Play, UserLike, New Relic, Varnish, Wufoo, WordPress.org, Stripe, FullStory, Segment.io, Ruby On Rails, Facebook Widget, Tint, Facebook Custom Audiences, Nginx, Wistia, UserZoom, Disqus, Shutterstock, Google Plus, Cedexis Radar, Linkedin Marketing Solutions, Google Tag Manager, Paypal, AddThis, Bing Ads, AppNexus, AB Tasty, DoubleClick Conversion, Quantcast, Highcharts JS Library, Google Dynamic Remarketing, Google AdWords Conversion, Mobile Friendly, Hotjar, Bootstrap Framework, MouseFlow, Hubspot, AngularJS, Google Font API, Incapsula, Adobe Media Optimizer, reCAPTCHA, Cloudinary, DoubleClick Floodlight, VHX, Google Maps (Non Paid Users), YouTube, Multilingual, iGoDigital, Gusto",2200000000,,,,,,,false,false,false,false,,69419e092f942d000153fdd2,69419e092f942d000153fe02,,,,,,,,,
Frey,Roman Jacinto,Chief Information Security Officer,Infosel,Infosel,frey.jacinto@infosel.com,Verified,Apollo,Apollo,,Not Catch-all,2025-11-17T03:09:08+00:00,C suite,"C-Suite, Information Technology",winifredwatkinsem6f@yongyap.com,,,'+52 55 2690 5591,'+52 55 4163 6560,,Cold,ss,,winifredwatkinsem6f@yongyap.com,87,financial services,"bolsa mexicana de valores, biva, real time market data, nasdaq, trading, nyse, widgets de mercado, datos históricos, cobertura en tiempo real de mercados, soluciones para instituciones financieras, financial reporting, análisis financiero, private banking, plataforma de inversión, api de noticias financieras, services, herramientas de inversión, mercados internacionales, trading en línea, widgets de cotizaciones, api financiera, plataforma de trading personalizada, plataforma saas, noticias financieras, gestión patrimonial, análisis de fondos, herramientas de análisis técnico, reportes financieros, cobertura de mercado en latam, soluciones fintech, wealth management, portfolio management, apis financieras, widgets financieros, api de mercado de valores, software as a service, information technology, análisis de mercado, integración de datos, herramientas de trading, mercado de valores, análisis de fondos de inversión, actualización en tiempo real, integración con sistemas bancarios, análisis de grandes fortunas, software development, gestión de portafolios, custom software, cotizaciones en tiempo real, computer systems design and related services, financial technology, b2b, datos financieros en tiempo real, software financiero, fintech, fideicomisos de inversión, financial services, risk assessment, monitoreo de mercados, finance, education, investment management, saas, computer software, information technology & services, finance technology",http://www.linkedin.com/in/frey-roman-jacinto-g-4b0a97133,https://infosel.com,http://www.linkedin.com/company/infosel,https://www.facebook.com/infoseloficial,https://twitter.com/infosel,Mexico City,Federal District,Mexico,"295 Paseo de la Reforma, Mexico City, Mexico City, Mexico, 06500",Mexico City,Mexico City,Mexico,'+52 55 4163 6560,"Cloudflare DNS, Mailchimp Mandrill, Sendgrid, Gmail, Google Apps, Amazon AWS, Atlassian Cloud, React, Webflow, Mobile Friendly, Google Tag Manager, reCAPTCHA, Render, Gusto, AI, Remote",,,,,,,,false,false,false,false,,69419e092f942d000153fde0,69419e092f942d000153fe0d,,,,,,,,,
Elizabeth,Gonzalez,Chief Information Security Officer,Mexis,Mexis,elizabeth.gonzalez@mexis.net,Verified,Apollo,Apollo,,Not Catch-all,2025-11-22T12:25:49+00:00,C suite,"C-Suite, Information Technology",winifredwatkinsem6f@yongyap.com,,,'+52 55 7844 9520,,,Cold,ss,,winifredwatkinsem6f@yongyap.com,120,information technology & services,"cloud, security, network, consultoria, hackeo etico, pruebas de vulnerabilidad, iso27001, analisis de riesgos ti, drp, bcp, seguridad perimetral, centro de datos, it services & it consulting, business intelligence, itil, penetration testing, iso 27001, auditoría de riesgos, sgsiaas, cisoaas, data protection, log management, seguridad transaccional, transformación digital, digital transformation, remediación, análisis forense de logs, cnbv, cumplimiento normativo, services, data loss prevention, planes de recuperación en caso de desastre, information technology and services, ciberinteligencia, forense digital, evaluación de plataformas, virtualización, email firewall, continuidad del negocio, industria 4.0, business analytics, b2b, computer systems design and related services, cloud services, cybersecurity, gestión de ti, orquestación de nubes, simulacro y actualización de planes de continuidad, seguridad de la información, network security, security analytics, ciberseguridad, análisis de vulnerabilidades, government, hacking ético, assessment de red, compliance, customer experience, consulting, prevención de fraude, managed services, finance, management consulting, information technology & services, analytics, computer & network security, cloud computing, enterprise software, enterprises, computer software, financial services",http://www.linkedin.com/in/elizabeth-gonzalez-85b48bb0,https://mexis.net,http://www.linkedin.com/company/mexis,,,Mexico City,Federal District,Mexico,"Bosque de Duraznos, Mexico City, Federal District, Mexico, 11700",Mexico City,Federal District,Mexico,,"Salesforce, Outlook, Google Analytics, Mobile Friendly, Apache, DoubleClick, YouTube, Google Font API, Google Dynamic Remarketing, Google Tag Manager, ShareThis, JW Player, WordPress.org, DoubleClick Conversion, Gusto, Deel, TransferWise, Remote, Webmail, Monday.com",,,,,,aggity (aggity.com),,false,false,false,false,,69419e092f942d000153fde6,69419e092f942d000153fe11,,,,,,,,,
Edgar,Sanchez Solis,Head Cybersecurity,"INBURSA GRUPO FINANCIERO, S.A. DE C.V.",INBURSA GRUPO FINANCIERO S.A. DE C.V,,Unavailable,,,,,,Head,Information Technology,winifredwatkinsem6f@yongyap.com,,,,'+52 55 5447 8000,,Cold,ss,,winifredwatkinsem6f@yongyap.com,9300,banking,"b2b, digital transactions, b2c, wealth growth, investment opportunities, retirement plans, mortgages, carlos slim, banking solutions, banking, financial infrastructure, risk management, online banking, user interface, financial product portfolio, investment management, access to atms, diversified financial services, individual banking, corporate banking, financial technology, financial market, digital banking, wealth management, mexican stock exchange, atm services, multi-channel banking, commercial banking, financial services, customer accessibility, retirement funds, innovation, retail, finance and insurance, pension funds, investment banking, financial service provider, financial group, user experience, customer engagement, digital financial services, health insurance, customer transactions, web application, securities trading, financial products, customer-centric banking, digital financial ecosystem, loan services, savings accounts, services, investment funds, insurance coverage, financial advisory, wealth accumulation, checking accounts, brokerage services, auto insurance, financial institution, financial network, financial market presence, financial sector growth, fee-free transfers, mobile banking, insurance solutions, investment portfolios, branch network, mexico, pension plans, financial transaction network, public company, credit cards, customer service, web development, securities brokerage, asset management, financial diversification, market-listed company, financial market index, insurance, publicly listed, atm network, responsive design, insurance products, financial service innovation, javascript, web content, support id, client support, error handling, online assistance, page loading, browser compatibility, technical support, software functionality, website optimization, page performance, website accessibility, digital support, troubleshooting, javascript errors, real-time assistance, site navigation, content delivery, user engagement, performance metrics, error reporting, web standards, frontend development, backend support, application coding, seamless browsing, cross-platform support, interactive features, dynamic content, coding assistance, web security, site responsiveness, system alerts, data integrity, platform functionality, software usability, error resolution, technical documentation, user feedback, navigational efficiency, content management, finance, finance technology, information technology & services, capital markets, ux, financial consulting, consulting, management consulting",http://www.linkedin.com/in/edgar-sanchez-solis-678b8013b,https://inbursa.com,http://www.linkedin.com/company/inbursa-grupo-financiero-s.a.-de-c.v.,https://facebook.com/InbursaGfi,https://twitter.com/bancoinbursa,Ixtapaluca,State of Mexico,Mexico,"2920 Boulevard Mariano Escobedo, Leon, Guanajuato, Mexico, 37500",Leon,Guanajuato,Mexico,'+52 55 5447 8000,"Microsoft Office 365, Yahoo Ad Manager Plus, Facebook Widget, Krux, Google Play, Facebook Login (Connect), DoubleClick, DoubleClick Conversion, Google Dynamic Remarketing, Mobile Friendly, Bootstrap Framework, Yahoo Analytics, Google Tag Manager, Google Font API, Facebook Custom Audiences, Google Analytics, Gusto",4310000000,,,,,,,false,false,false,false,,69419e092f942d000153fddd,69419e092f942d000153fe0a,,,,,,,,,
Jorge,Sanchez Castaneda,Jefe de Ciberseguridad BISO,Grupo Salinas,Grupo Salinas,jsanchez@gruposalinas.com.mx,Verified,Apollo,Apollo,,,2025-12-15T02:18:08+00:00,Entry,,winifredwatkinsem6f@yongyap.com,,,,'+52 55 2601 5400,,Cold,ss,,winifredwatkinsem6f@yongyap.com,105000,financial services,"servicios financieros, retail, entretenimiento, medios de comunicacion, servicios de internet para el hogar, servicios de internet para empresas, produccion de contenidos, telecomunicaciones, television interactiva, telefonia a traves de fibra optica, motocicletas, ecommerce, accion social, arte y cultura, energias renovables, club de futbol, wgc mexico championship pga tour, app banca movil, agencia de comunicacion, transporte, consumer credit, financial services, media, customer access, telecommunications, renewable energy projects, social responsibility, b2c, telecom services, financial services for low-income, affordable financial services, family-led conglomerate, market share growth in telecom, media outlets, corporate social responsibility, broad media reach, renewable energy, mobile telecommunications, banco azteca, latin american markets, broadcaster, digital services, financial inclusion, electronics, banking, market presence, totalplay, tv azteca, consumer goods, appliances, market expansion, accessible banking, consumer finance, e-commerce, latin america retail, d2c, conglomerate, diversified group, renewable energy investments, asset management, media in spanish-speaking communities, retail banking, social initiatives, electronic retail, social impact initiatives, real estate services, services, family-owned business, latin america, commercial banking, telecom partnerships, underserved populations, media broadcasting, finance, consumer products & retail, energy & utilities, entertainment, consumer internet, consumers, internet, information technology & services, clean energy & technology, environmental services, renewables & environment, computer hardware, hardware",http://www.linkedin.com/in/jorge-luis-s%c3%a1nchez-casta%c3%b1eda-390ab31a4,https://gruposalinas.com,http://www.linkedin.com/company/grupo-salinas,,https://twitter.com/GrupoSalinas_GS,Santiago de Queretaro,Queretaro,Mexico,"4277 Boulevard Periferico Sur, Federal District, Mexico, 14210",,Federal District,Mexico,'+52 55 2601 5400,"Outlook, Microsoft Office 365, Render, Gusto",5000000000,,,,,,,false,false,false,false,,69419e092f942d000153fdd8,69419e092f942d000153fe03,,,,,,,,,
Israel,Gutierrez,CISO,Gentera,Gentera,igutierrez@gentera.com.mx,Verified,Apollo,Apollo,,Catch-all,2025-12-15T02:09:38+00:00,Entry,"C-Suite, Information Technology",winifredwatkinsem6f@yongyap.com,,,'+52 55 3741 4133,'+52 55 5276 7250,,Cold,ss,,winifredwatkinsem6f@yongyap.com,28000,financial services,"credito, ahorro, seguros, medios de pago, data security, financial education, financial products, customer service, transparency, social inclusion, financial technology, data protection, client protection, low-income clients, social mobility, b2c, risk management, credit products, payment channels, inclusive banking, social responsibility, financial services, digital banking, payment services, banking, micro-entrepreneurs, gender equality in finance, client-centric approach, other activities related to credit intermediation, social impact, sustainable finance, underserved communities, financial literacy programs, corporate governance, microfinance, community development, insurance, remittances, services, financial resilience, community outreach, stakeholder engagement, loans, financial inclusion, microenterprise support, regulatory compliance, microloans, savings accounts, subsidiaries, insurance solutions, financial empowerment, client relationships, personal loans, insurance services, entrepreneur support, investment relations, sustainable management, credit for entrepreneurs, insurance for individuals, banking cooperation, financial literacy, ethical conduct, customer protection, business loans, financial transparency, corporate ethics, credit management, anti-corruption policies, financial counseling, community support, adaptive training, sustainability strategies, analyst coverage, annual reports, quarterly reports, financial assessments, workforce development, job opportunities, business transparency, fraud prevention, vulnerability management, cybersecurity response, incident management, client education, financial wellness programs, crisis management, finance, education, non-profit, computer & network security, information technology & services, finance technology, payments, nonprofit organization management",http://www.linkedin.com/in/angelisraelgutierrezbarreto,https://gentera.com.mx,http://www.linkedin.com/company/gentera,https://www.facebook.com/gentera.mx,https://twitter.com/gentera,Mexico City,Federal District,Mexico,"1458 Avenida Insurgentes Sur, Ciudad de Mexico, Ciudad de Mexico, Mexico, 03230",Ciudad de Mexico,Ciudad de Mexico,Mexico,'+52 55 5276 7250,"Outlook, SuccessFactors (SAP), IBM Websphere, Mobile Friendly, Google Tag Manager, Gusto",1846111000,,,,,,,false,false,false,false,,69419e092f942d000153fddb,69419e092f942d000153fe08,gutzba@gmail.com,Apollo,Verified,Apollo,,,,,
Jose,Rafael Cuevas,Subdirector GRC CISO & Mejora Continua,Santander,Santander,cjose@gruposantander.es,Verified,Apollo,Apollo,,,2025-12-11T18:14:22+00:00,Entry,"C-Suite, Information Technology",winifredwatkinsem6f@yongyap.com,,,'+1 787-484-3391,'+34 902 11 22 11,'+1 787-729-8009,Cold,ss,,winifredwatkinsem6f@yongyap.com,207000,banking,"banca, servicios financieros, financial services, corporate banking, cyber security, banking, information technology, commercial banks, finance, financial products, banking community outreach, fintech collaborations, online banking, esg, services, market analysis, d2c, digital channels, commercial banking, banking in europe and americas, wealth management, banking software, banking and financial services, data security, banking technology, community engagement, banking apps, asset management, banking operations, banking cloud services, customer-centric banking, financial analytics, banking history, green transition, esg reporting, financial literacy programs, sustainable growth, technology investment, risk management, responsible banking, sustainability initiatives, financial inclusion, credit analysis, community support, regulatory compliance, digital platforms, sme banking, financial education, mergers and acquisitions, banking innovation, mobile banking, b2b, digital transformation, shareholder value, banking data analytics, community development, insurance, shareholder relations, digital payments, loan services, esg practices, customer engagement, digital banking, digital banking platforms, customer experience, customer-centric, global presence, banking digital transformation, b2c, credit solutions, banking infrastructure, banking innovation labs, financial stability, trust and reputation, loan solutions, retail banking, banking sustainability reports, loan origination, customer loyalty, financial inclusion initiatives, e-commerce, financial planning, financial resilience, banking regulations, cybersecurity, banking ai solutions, fintech, insurance services, risk assessment, private banking, digital payments solutions, investment banking, banking cybersecurity, market expansion, digital customer onboarding, financial compliance, retail, capital markets, credit services, loans, sustainable finance, community banking, market diversification, financial technology, regulatory reporting, innovation, green transition support, corporate governance, equity research, corporate sponsorship, sustainable banking, consumer finance, diversity and inclusion, entrepreneurship support, environmental responsibility, social impact, open financial services, cross-border payments, e-commerce solutions, financial health, net-zero carbon emissions, corporate social responsibility, global banking, financial innovation, educational initiatives, stem recruitment, volunteering, profitability growth, cost management, strategic partnerships, business model, stakeholder engagement, brand visibility, community empowerment, employee engagement, corporate culture, client satisfaction, education, computer & network security, information technology & services, investment management, mergers & acquisitions, consumer internet, consumers, internet, finance technology",http://www.linkedin.com/in/jrcuevasm,https://santander.com,http://www.linkedin.com/company/banco-santander,https://www.facebook.com/santanderglobal,https://twitter.com/bancosantander?lang=en,Mexico City,Mexico City,Mexico,"Avenida de Cantabria, Comunidad de Madrid, Spain",,Comunidad de Madrid,Spain,'+34 902 11 22 11,"Akamai DNS, Outlook, Microsoft Office 365, OneTrust, GitHub Hosting, Workday, Adobe CQ, Omniture (Adobe), Salesforce, Atlassian Cloud, React Redux, React, MongoDB, Figma, ExactTarget, Facebook Custom Audiences, Facebook Login (Connect), Tealium, Workday Recruit, Vimeo, Google AdWords Conversion, Mobile Friendly, Google Analytics, Google Tag Manager, Google Dynamic Remarketing, reCAPTCHA, Twitter Advertising, DoubleClick Conversion, Bing Ads, DoubleClick, Linkedin Marketing Solutions, WordPress.org, DoubleClick Floodlight, Cedexis Radar, Facebook Widget, Adobe Media Optimizer, Google Font API, Ruxit",135134657000,,,,,,,false,false,false,false,,69419e092f942d000153fde4,69419e092f942d000153fe10,,,,,,,,,
Ricardo,Carapia Sanchez,Chief Information Security Officer,Grupo Salinas,Grupo Salinas,rcarapias@gruposalinas.com.mx,Verified,Apollo,Apollo,,,2025-11-24T02:57:38+00:00,C suite,"C-Suite, Information Technology",winifredwatkinsem6f@yongyap.com,,,'+52 55 2575 4076,'+52 55 2601 5400,,Cold,ss,,winifredwatkinsem6f@yongyap.com,105000,financial services,"servicios financieros, retail, entretenimiento, medios de comunicacion, servicios de internet para el hogar, servicios de internet para empresas, produccion de contenidos, telecomunicaciones, television interactiva, telefonia a traves de fibra optica, motocicletas, ecommerce, accion social, arte y cultura, energias renovables, club de futbol, wgc mexico championship pga tour, app banca movil, agencia de comunicacion, transporte, consumer credit, financial services, media, customer access, telecommunications, renewable energy projects, social responsibility, b2c, telecom services, financial services for low-income, affordable financial services, family-led conglomerate, market share growth in telecom, media outlets, corporate social responsibility, broad media reach, renewable energy, mobile telecommunications, banco azteca, latin american markets, broadcaster, digital services, financial inclusion, electronics, banking, market presence, totalplay, tv azteca, consumer goods, appliances, market expansion, accessible banking, consumer finance, e-commerce, latin america retail, d2c, conglomerate, diversified group, renewable energy investments, asset management, media in spanish-speaking communities, retail banking, social initiatives, electronic retail, social impact initiatives, real estate services, services, family-owned business, latin america, commercial banking, telecom partnerships, underserved populations, media broadcasting, finance, consumer products & retail, energy & utilities, entertainment, consumer internet, consumers, internet, information technology & services, clean energy & technology, environmental services, renewables & environment, computer hardware, hardware",http://www.linkedin.com/in/ricardo-carapia-sanchez-1591542bb,https://gruposalinas.com,http://www.linkedin.com/company/grupo-salinas,,https://twitter.com/GrupoSalinas_GS,,,Mexico,"4277 Boulevard Periferico Sur, Federal District, Mexico, 14210",,Federal District,Mexico,'+52 55 2601 5400,"Outlook, Microsoft Office 365, Render, Gusto",5000000000,,,,,,,false,false,false,false,,69419e092f942d000153fdd9,69419e092f942d000153fe03,,,,,,,,,
Etson,Ramirez Hernandez,Chief Information Security Officer,Altán Redes,Altán Redes,etson.ramirez@altanredes.com,Verified,Apollo,Apollo,,,2025-11-17T20:57:44+00:00,C suite,"C-Suite, Information Technology",winifredwatkinsem6f@yongyap.com,,,'+52 729 635 0408,'+1 522-601-3950,,Cold,ss,,winifredwatkinsem6f@yongyap.com,740,telecommunications,"banda ancha movil, cobertura de servicios de comunicacion inalambricos, red 4glte, empresa b2b, operador movil, digital transformation, telecom project, network deployment, red compartida, telecom investment, telecom sector reform, wholesale telecommunications, digital exclusion reduction, telecom services, telecom coverage, network technology, mobile services, mexican telecom infrastructure, mobile internet infrastructure, 4.5g lte, coverage expansion, telecom competition, digital inclusion, internet services, telecom innovation, information technology, digital divide, b2b, 4.5g lte network, telecom investment funds, telecom consortium partners, mobile broadband services, government, high-speed internet, telecommunications services, telecom sector, telecom coverage in rural areas, broadband coverage, customer experience, public-private partnership telecom, wireless coverage, high marginalization areas, network expansion, network sharing, telecom market, wholesale telecom services, telecom consortium, mobile broadband, telecom growth, telecom regulation, telecom concession, network infrastructure, mexican telecom, digital exclusion, telecom infrastructure, telecom operators, telecom providers, telecom sector growth, wireless network, telecommunications, 700 mhz spectrum, broadband expansion, services, telecommunications sector, network coverage, distribution, computer & network security, information technology & services",http://www.linkedin.com/in/etson-ramirez-hernandez-6970b666,https://altanredes.com,http://www.linkedin.com/company/altanmx,https://www.facebook.com/altanmx/,https://twitter.com/ALTANMx,Mexico City,Mexico City,Mexico,"2 Avenida Juan Salvador Agraz, Mexico City, Mexico, 05340",,Mexico City,Mexico,'+1 522-601-3950,"Akamai, Outlook, Amazon AWS, reCAPTCHA, Mobile Friendly, Google Tag Manager, YouTube, Bootstrap Framework, Gusto, Monday.com, AI",55555000,100000000,Other,,2023-08-01T00:00:00+00:00,,,false,false,false,false,,69419e092f942d000153fdd4,69419e092f942d000153fe04,,,,,,,,,
