company_name,company_domain,lead_rows
NaN,,4302
Microsoft,microsoft.com,640
IBM,ibm.com,437
Google,google.com,373
G2K Group,servicenow.com,354
Altran,capgemini.com,337
HPE SimpliVity,hpe.com,336
Salesforce,salesforce.com,332
CIBC,cibc.com,325
Autodesk,autodesk.com,307
ADP,adp.com,305
Goldman Sachs,www.goldmansachs.com,288
Liberty Mutual Insurance,libertymutual.com,284
UBS,www.ubs.com,276
Meta,meta.com,262
Sotheby's,sothebys.com,246
Morgan Stanley,morganstanley.com,239
Kyndryl,kyndryl.com,226
Honeywell,honeywell.com,225
T. Rowe Price,troweprice.com,224
Barclays,www.home.barclays,199
First Data Corporation,fiserv.com,190
Charles Schwab,www.aboutschwab.com,188
Amazon,amazon.com,186
Intuit,intuit.com,184
SAP,sap.com,183
Mellanox Technologies,nvidia.com,182
Akamai Technologies,akamai.com,180
Rubrik,rubrik.com,180
American Express,americanexpress.com,179
Cohesity,cohesity.com,179
Desjardins,desjardins.com,176
"Attivo Networks®, a SentinelOne Company",sentinelone.com,174
Bitcoin Suisse AG,ubs.com,173
Transamerica,transamerica.com,168
BNP Paribas,bnpp.lk,165
Golden Seeds,www.goldenseeds.com,165
Accenture,accenture.com,162
1217,vodafone.com,160
BlackRock,blackrock.com,160
State Street,statestreet.com,160
"Epoch Investment Partners, Inc.",www.td.com,159
ABB,global.abb,151
Thales,thalesgroup.com,150
Adobe,adobe.com,149
J.P. Morgan,jpmorgan.com,149
Atos,atos.net,146
Stripe,stripe.com,146
Fortinet,fortinet.com,145
Bentley Systems,bentley.com,143
Commvault,commvault.com,143
"Bank of Singapore, Asia's Global Private Bank",bankofsingapore.com,142
Box,box.com,142
Fidelity Investments,fidelity.com,140
Capital One,capitalone.com,139
Deltek,deltek.com,139
Workday,workday.com,139
Standard Chartered,sc.com,137
Reliance Industries Limited,ril.com,136
SVB,svb.com,135
Citi,www.citigroup.com,132
Hilton,hilton.com,130
Robinhood,robinhood.com,130
Telefónica,telefonica.com,129
Amazon Web Services,aws.amazon.com,128
BOK Financial,bokfinancial.com,127
Procter & Gamble,us.pg.com,126
Deutsche Bank,db.com,125
LPL Financial,lpl.com,123
Fidelity Investments,www.fidelity.com,121
Nedbank,www.nedbank.co.za,120
Ameriprise Auto & Home Insurance,ameriprise.com,118
RBC,rbc.com,118
Standard Bank Group,standardbank.com,118
Orange,orange.com,116
Asper.ai,bit.ly,113
Acronis,acronis.com,112
Qualcomm,qualcomm.com,112
A&GSync,linktr.ee,111
Deloitte,deloitte.com,111
Liberty Property Trust,prologis.com,110
PIMCO,pimco.com,110
Elida Beauty,unilever.com,109
Ramp,rampgrp.com,109
Virgin Media,news.virginmediao2.co.uk,109
Cloudflare,cloudflare.com,108
Infor,infor.com,108
Proximus,proximus.com,108
Cisco,cisco.com,107
FICO,fico.com,107
Scotiabank,scotiabank.com,104
United Airlines,united.com,102
Abbott,abbott.com,101
Bitdefender,bitdefender.com,101
PRICEWATERHOUSECOOPERS ADVISORY,pwc.com,101
Astra Zeneca LP Us,astrazeneca.com,100
J.Crew,jcrew.com,100
Telekom HU,telekom.hu,100
RingCentral,ringcentral.com,99
Dell Technologies,www.delltechnologies.com,98
Broadcom,broadcom.com,97
Itaú Unibanco,www.itau.com.br,97
Wedbush Securities,www.wedbush.com,96
Cognizant,cognizant.com,95
Proofpoint,proofpoint.com,95
Lifetime Brands,lifetimebrands.com,94
PepsiCo,pepsico.com,94
eTeam,eteaminc.com,94
Analog Devices,analog.com,93
CyberArk,cyberark.com,93
Marriott International,thrustpr.com,91
Odoo,odoo.com,91
Pure Storage,purestorage.com,91
Envestnet,envestnet.com,90
TD,td.com,90
TriMark USA,trimarkusa.com,90
MYOB,myob.com,89
STV,stvinc.com,89
Appirio,wipro.com,88
Crayon,crayon.com,88
FIS,www.fisglobal.com,86
Intesa Sanpaolo,www.group.intesasanpaolo.com,86
Janus Henderson Investors,janushenderson.com,86
Delhivery,delhivery.com,85
EisnerAmper,eisneramper.com,85
Mizuho,www.mizuhogroup.com,85
RBC,www.rbc.com,85
Vantiv,worldpay.com,85
AllianceBernstein,alliancebernstein.com,83
Manulife,manulife.com,83
NCC Group,www.nccgroupplc.com,83
Snowflake,snowflake.com,83
Tech Mahindra,techmahindra.com,83
Verizon,mycareer.verizon.com,83
Amerant Bank,www.amerantbank.com,82
"Apollo Global Management, Inc.",apollo.com,82
Fujitsu,www.fujitsu.com,82
HSBC,hsbc.com,81
Elance-oDesk,upwork.com,80
BlackBerry,blackberry.com,79
Goldman Sachs,goldmansachs.com,79
Altera,intel.com,78
BIOVIA,3ds.com,78
Paychex,paychex.com,78
Tata Consultancy Services,www.tcs.com,78
The Home Depot,homedepot.com,78
American Express,www.americanexpress.com,77
Banco Sabadell,bancsabadell.com,77
GitHub,github.com,77
LTI - Larsen & Toubro Infotech,ltimindtree.com,77
Rabobank,www.rabobank.com,77
Trend Micro,trendmicro.com,77
Alienware,dell.com,76
Ally,ally.com,76
BMO,bmo.com,76
Confluent,confluent.io,76
Deloitte,www2.deloitte.com,76
NetApp,netapp.com,76
SEI,seic.com,76
Two Sigma,twosigma.com,76
Cambridge Associates,cambridgeassociates.com,75
Rockwell Automation,rockwellautomation.com,75
Avalara,avalara.com,74
BMO,www.bmo.com,74
HSF Affiliates LLC,prudential.com,74
Jellyfish,jellyfish.com,74
PwC,www.pwc.com,74
Snyk,snyk.io,74
Telecom Egypt,te.eg,74
Wells Fargo,wellsfargo.com,74
Altus Group,altusgroup.com,73
HMD,nokia.com,73
Northrop Grumman,www.northropgrumman.com,73
"OPTUM360 SERVICES, INC.",optum.com,73
BAE Systems,www.baesystems.com,72
Binary Tree now part of Quest,quest.com,72
KPN,kpn.com,72
SmartAsset,smartasset.com,72
Affinity Health System,healthcare.ascension.org,71
Infosys,infosys.com,71
Unit4,unit4.com,71
Cetera Financial Group,cetera.com,70
Kaseya,kaseya.com,70
NTT DATA,nttdata.com,70
Palo Alto Networks,paloaltonetworks.com,70
TeamViewer,teamviewer.com,70
AbbVie,abbvie.com,69
AppDynamics,splunk.com,69
Arrow ECS EMEA,arrow.com,69
Fisher Investments,fisherinvestments.com,69
Grupo Salinas,gruposalinas.com,69
Morgan Stanley,www.morganstanley.com,69
NETS,nets.com.sg,69
Safran,safran-group.com,69
Sherwin-Williams,www.sherwin-williams.com,69
Sobeys,sobeys.com,69
Balyasny Asset Management L.P.,bamfunds.com,68
"J.B. Hunt Transport Services, Inc.",jbhunt.com,68
Chevron,chevron.com,67
Comcast,corporate.comcast.com,67
Medtronic,medtronic.com,67
PSP Investments,www.investpsp.com,67
Barings,barings.com,66
Citi,citigroup.com,66
KPMG,kpmg.com,66
KeHE Distributors,kehe.com,66
Weatherford,weatherford.com,66
Intel Corporation,www.intel.com,65
Millennium,mlp.com,65
Apple,apple.com,64
Golub Capital,golubcapital.com,64
Qualitest,qualitestgroup.com,64
Toast,pos.toasttab.com,64
UiPath,uipath.com,64
Veeam Software,veeam.com,64
William Blair,www.w-blair.com,64
BDO Canada,bdo.ca,63
Johnson & Johnson,jnj.com,63
Morgan Advanced Materials,www.morganadvancedmaterials.com,63
Novo Nordisk,novonordisk.com,63
Prudential Financial,www.prudential.com,63
VERITAS,veritas.com,63
Caption Health,www.gehealthcare.com,62
FlightSafety International,flightsafety.com,62
Okta,okta.com.pl,62
SAS,www.sas.com,62
Stout,stout.com,62
Xero,xero.com,62
Abnormal AI,abnormalsecurity.com,61
Apex Fintech Solutions,apexfintechsolutions.com,61
BNP Paribas,group.bnpparibas,61
Colliers,ow.ly,61
HCA Healthcare,hcahealthcare.com,61
Health Care Service Corporation,hcsc.com,61
JLT Asia,marsh.com,61
M&G plc,global.mandg.com,61
Sage,sage.com,61
The Reynolds and Reynolds Company,reyrey.com,61
3M,3m.com,60
CIBC,www.cibc.com,60
Deutsche Bank,www.db.com,60
Freshworks,freshworks.com,60
MUFG Capital Analytics,mufg-investorservices.com,60
Northwestern Mutual,northwesternmutual.com,60
Optimum Solutions Pte Ltd,ukg.com,60
PicPay,picpay.com,60
SalonCentric - A Subsidiary of L'Oreal USA,saloncentric.com,60
Sophos,sophos.com,60
University of Minnesota,umn.edu,60
ITV,itvplc.com,59
KPN,www.kpn.com,59
Post Consumer Brands,www.postconsumerbrands.com,59
Vodacom,vodacom.com,59
Andaz Ottawa ByWard Market,hyatt.com,58
Ericsson,ericsson.com,58
GXS,opentext.com,58
Presidio,presidio.com,58
SLB,slb.com,58
Starbucks,starbucks.com,58
Bessemer Trust,www.bessemertrust.com,57
CEVA Logistics,cevalogistics.com,57
Druva,druva.com,57
Ellucian,ellucian.com,57
HTC,htc.com,57
National Bank of Canada,bnc.ca,57
Optiv,optiv.com,57
Rooms To Go,roomstogo.com,57
Air Canada,www.aircanada.com,56
EY,ey.com,56
HCLTech,hcltech.com,56
Ares Management Corporation,aresmgmt.com,55
Brown Brothers Harriman,bbh.com,55
CaixaBank,www.caixabank.es,55
Cushman & Wakefield,cushmanwakefield.com,55
Elevance Health,elevancehealth.com,55
IFS,ifs.com,55
Kotak Life,kotak.com,55
L3 Technologies,siemens.com,55
MICROS Systems Inc,oracle.com,55
NatWest Group,jobs.natwestgroup.com,55
Thales,www.thalesgroup.com,55
Wellington Management,wellington.com,55
Workplace Safety and Insurance Board (WSIB),wsib.ca,55
Banco de Chile,www.bancochile.cl,54
Cisco,www.cisco.com,54
ClickUp,clickup.com,54
ECI Software Solutions,ecisolutions.com,54
LexisNexis,lexisnexis.com,54
NES Fircroft,nesfircroft.com,54
Northwell Health,northwell.edu,54
Otsuka Pharmaceutical Companies (U.S.),otsuka-us.com,54
BambooHR,bamboohr.com,53
Bosch,bosch.com,53
Careem,careem.com,53
"Docker, Inc",docker.com,53
Edelman Financial Engines,edelmanfinancialengines.com,53
Elastic,elastic.co,53
Milwaukee Tool,milwaukeetool.com,53
Rockefeller Capital Management,rockco.com,53
Scotiabank,www.scotiabank.com,53
TricorBraun,tricorbraun.com,53
B3,b3.com.br,52
Blue Cross Blue Shield of Michigan,bcbsm.com,52
Datadog,datadoghq.com,52
Electric,se.com,52
Justworks,justworks.com,52
Razorpay,razorpay.com,52
Rippling,rippling.com,52
Safety National,safetynational.com,52
airtel,careers.airtel.com,52
CSC,dxc.com,51
Exclusive Networks,exclusive-networks.com,51
Kainos,kainos.com,51
Mspark,mspark.com,51
PIMCO,www.pimco.com,51
Sun Life,sunlife.com,51
Tata Metaliks,tatasteel.com,51
Vista Equity Partners,vistaequitypartners.com,51
AssetMark,assetmark.com,50
Baird,rwbaird.com,50
CSOB,csob.cz,50
Cardinal Health,cardinalhealth.com,50
Carrefour,recrute.carrefour.fr,50
Citadel,citadel.com,50
Coppel,coppel.com,50
Fortress,fortress.com,50
Hyland,hyland.com,50
Linde,linde.com,50
Nutanix,nutanix.com,50
SONDA,sonda.com,50
The Wonderful Company,wonderful.com,50
du,du.ae,50
Johnstone Supply,johnstonesupply.com,49
UPS,ups.com,49
1Password,1password.com,48
Applied Materials,appliedmaterials.com,48
Bolt,bolt.eu,48
"Brighterion, a Mastercard Company",mastercard.us,48
City National Bank,www.cnb.com,48
Commonwealth Financial Network,commonwealth.com,48
Crowne Plaza Houston River Oaks,ihg.com,48
The Ohio State University,osu.edu,48
Wilmington Trust,wilmingtontrust.com,48
Axis Communications,axis.com,47
Equitable,equitable.com,47
Microland Limited,microland.com,47
Murex,murex.ch,47
Vertex Inc.,vertexinc.com,47
Wiz,wiz.io,47
Appian,appian.com,46
Ciena,ciena.com,46
JTI,jti.com,46
Janus Henderson Investors,www.janushenderson.com,46
Nasdaq,nasdaq.com,46
Tesco,tesco.com,46
Walmart,walmart.com,46
ADM,adm.com,45
Air Liquide,airliquide.com,45
Alithya,alithya.com,45
Alteryx,alteryx.com,45
Associated Wholesale Grocers,awginc.com,45
BTG Pactual,lp.btgpactual.com,45
Banc of California,bancofcal.com,45
Diversified,onediversified.com,45
Dyson,dyson.com,45
La Banque Postale,www.labanquepostale.com,45
Mastek,mastek.com,45
NFL Media,www.nfl.com,45
Philip Morris International,www.pmi.com,45
Reinhart Foodservice,www.rfsdelivers.com,45
Sazerac Company,sazerac.com,45
Tally Solutions Pvt Ltd,tallysolutions.co.za,45
UC San Diego,ucsd.edu,45
Zurich Insurance,zurich.com,45
Avanade,avanade.com,44
Carhartt,www.carhartt.com,44
ConnX Inc.,softwareag.com,44
Hightower Advisors,hightoweradvisors.com,44
Holland & Barrett,hollandandbarrett.com,44
J.P. Morgan,www.jpmorgan.com,44
Koch,kochind.com,44
McKesson,mckesson.com,44
Osaic,osaic.com,44
Ryan,ryan.com,44
Santander Digital Services,santanderdigitalservices.com,44
Stanford University,stanford.edu,44
Texas Capital,texascapitalbank.com,44
Accenture,www.accenture.com,43
Capital Numbers,capitalnumbers.com,43
Cvent,cvent.com,43
Flipkart,flipkart.com,43
Hitachi Rail,hitachirail.com,43
Hughes,hughes.com,43
King's College London,kcl.ac.uk,43
Orange,www.orange.com,43
"PT Bank Danamon Indonesia, Tbk.",danamon.co.id,43
Rackspace Technology,rackspace.com,43
Securian Financial,securian.com,43
The University of Alabama,ua.edu,43
Adobe,www.adobe.com,42
Alior Bank SA,www.aliorbank.pl,42
Ascension,ascension.org,42
Banco de Crédito BCP,www.viabcp.com,42
Blackbaud,blackbaud.com,42
Bureau van Dijk - A Moody's Analytics Company,www.moodys.com,42
Caisse de dépôt et placement du Québec (CDPQ),www.cdpq.com,42
Capillary Technologies,capillarytech.com,42
Capital Group,capitalgroup.com,42
Foot Locker,footlocker-inc.com,42
HDFC ERGO General Insurance,hdfcergo.com,42
Mirakl,mirakl.com,42
NatWest Group,natwestgroup.com,42
OP Financial Group,www.op.fi,42
Perkins&Will,perkinswill.com,42
Reckitt,reckitt.com,42
Sargento,sargento.com,42
11:11 Systems,1111systems.com,41
Acumatica,acumatica.com,41
Albert G. Ruben - A Relation Company,aon.com,41
"Arbor Networks, now part of NETSCOUT",netscout.com,41
BC Hydro,bchydro.com,41
Cyient,cyient.com,41
Deloitte,www.deloitte.com,41
Inspire,stories.inspirebrands.com,41
"InvestCloud, Inc.",investcloud.com,41
Johnson Brothers,johnsonbrothers.com,41
Mastercard,www.mastercard.com,41
Milestone Systems,milestonesys.com,41
Motorola Solutions,motorolasolutions.com,41
Palo Alto Networks,www.paloaltonetworks.com,41
Red Hat,redhat.com,41
Sanlam,sanlam.co.za,41
Santander Bank Polska,santander.pl,41
True Value Company,truevaluecompany.com,41
Vertiv,vertiv.com,41
Warby Parker,warbyparker.com,41
Wealth Enhancement,wealthenhancement.com,41
Agropur,agropur.com,40
Aramark,aramark.com,40
Asurion,asurion.com,40
Baker Hughes,bakerhughes.com,40
CHANEL,chanel.com,40
Chobani,chobani.com,40
Ellucian,www.ellucian.com,40
Everest,www.everestglobal.com,40
Helzberg Diamonds,www.helzberg.jobs,40
Jellyfish,www.jellyfish.com,40
NV5,nv5.com,40
Neuberger Berman,nb.com,40
Schreiber Foods,schreiberfoods.com,40
Telkomsel,www.telkomsel.com,40
The Container Store,containerstore.com,40
Zycus,zycus.com,40
AT&T,att.com,39
Allspring Global Investments,allsprg.co,39
Aquiire - A Coupa Company,coupa.com,39
Armis,armis.com,39
BNSF Railway,bnsf.com,39
Bankinter,www.bankinter.com,39
Blackstone,blackstone.com,39
Cantaloupe Inc,cantaloupe.com,39
Costco,costco.com,39
Cresset,cressetcapital.com,39
Cummins Inc.,cummins.com,39
DSV - Global Transport and Logistics,dsv.com,39
FirstBank,firstbanknj.com,39
Global,global.com,39
Hanmi Bank,www.hanmi.com,39
KPMG,www.kpmg.com,39
Merck,merck.com,39
Rutgers University,rutgers.edu,39
TPG,tpg.com,39
Vontobel,www.vontobel.com,39
Woodforest National Bank,woodforest.com,39
Yale University,yale.edu,39
BECU,becu.org,38
BlackRock,www.blackrock.com,38
Cadillac Fairview,cadillacfairview.com,38
Cegid,cegid.com,38
Chubb,chubb.com,38
City Year,cityyear.org,38
DHL,dhl.com,38
Delta Air Lines,delta.com,38
Epicor,epicor.com,38
European Commission,europa.eu,38
Flex,flex.com,38
Ford Motor Company,ford.com,38
"Forethought Financial Group, Inc.",globalatlantic.com,38
GSK,gsk.com,38
International Financial Data Services (IFDS),ssctech.com,38
Lutech,lutech.group,38
Nationwide,nationwide.com,38
Nicola Wealth,www.nicolawealth.com,38
Nike,nike.com,38
S&P Global,spglobal.com,38
SANS Institute,sans.org,38
Sky,sky.com.br,38
TSB Bank,tsb.co.uk,38
Veeva Systems,veeva.com,38
A.P. Moller - Maersk,maersk.com,37
Ansys,www.ansys.com,37
Banco de Crédito BCP,viabcp.com,37
Bradesco Seguros,www.bradescoseguros.com.br,37
CIBC Capital Markets,www.cibccm.com,37
Curaleaf,ir.curaleaf.com,37
Factorial,factorialhr.com,37
Gusto,gusto.com,37
Healthfirst,healthfirst.org,37
IBM,www.ibm.com,37
JoulestoWatts Business Solutions Pvt Ltd,joulestowatts.com,37
LastPass,lastpass.com,37
MetLife,metlife.com,37
Netskope,netskope.com,37
OneAdvanced,oneadvanced.com,37
PayPal,paypal.com,37
Reflexis Systems is now part of Zebra,zebra.com,37
"Ryder System, Inc.",ryder.com,37
SUSE,suse.com,37
Sparq,teamsparq.com,37
Sprinklr,sprinklr.com,37
State Farm,statefarm.com,37
Taj Hotels,tajhotels.com,37
Truist,truist.com,37
iA Financial Group (Industrial Alliance),ia.ca,37
AB InBev,ab-inbev.com,36
AQR Capital Management,aqr.com,36
Adani Enterprises Limited,adanienterprises.com,36
Atidiv,atidiv.com,36
BSN SPORTS,bsnsports.com,36
Banamex,banamex.com,36
Bandhan Bank,bandhanbank.com,36
Belfius,belfius.be,36
Charles River Development,crd.com,36
Databricks,databricks.com,36
Duck Creek Technologies,duckcreek.com,36
Edwards Lifesciences,edwards.com,36
Eli Lilly and Company,lilly.com,36
FEI Company,thermofisher.com,36
Fareportal,fareportal.com,36
GMR Marketing,gmrmarketing.com,36
Halliburton,halliburton.com,36
Mercado Libre,mercadolibre.com,36
MoEngage,moengage.com,36
Phillips 66,phillips66.com,36
PicPay,www.picpay.com.br,36
"Reinsurance Group of America, Incorporated",rgare.com,36
Robinhood,www.robinhood.com,36
TD Ameritrade,www.tdameritrade.com,36
Telia,teliacompany.com,36
USDA,www.usda.gov,36
Whatfix,whatfix.com,36
Alaska Airlines,careers.alaskaair.com,35
Axonius,axonius.com,35
Bolthouse Farms,bolthouse.com,35
Brookfield Properties,brookfieldproperties.com,35
Crédit Agricole CIB,www.ca-cib.com,35
ExtraHop,extrahop.com,35
Illumio,illumio.com,35
Innovaccer,innovaccer.com,35
MSIG Asia,msig-asia.com,35
Malwarebytes,malwarebytes.com,35
Michael Foods,michaelfoods.com,35
"NTT DATA, Inc.",global.ntt,35
New York Life Insurance Company,nyl.co,35
Orange Cyberdefense,orangecyberdefense.com,35
Orange Polska,orange.pl,35
Procter & Gamble,www.pg.com,35
RBC Wealth Management,www.rbcwealthmanagement.com,35
SageSure,sagesure.com,35
Sonatrach,www.sonatrach.com,35
Amadeus,amadeus.com,34
American Airlines,aa.com,34
"Bob Evans Farms, Inc.",bobevansgrocery.com,34
Canaccord Genuity - Global Capital Markets,www.cgf.com,34
CenterPoint Energy,centerpointenergy.com,34
Cloudera,cloudera.com,34
Fractal,fractal.ai,34
IDFC FIRST Bank,www.idfcfirstbank.com,34
ION,on.iongroup.com,34
Investec,link.investec.com,34
Microsoft,www.microsoft.com,34
Mobily,mobily.com.sa,34
NBCUniversal,nbcuniversal.com,34
OPSWAT,opswat.com,34
ProMach,promachbuilt.com,34
Stack Overflow,stackoverflow.co,34
TBC,www.tbcbank.ge,34
Upside,www.upside.com,34
Vodafone Idea Limited,www.myvi.in,34
Zscaler,zscaler.com,34
ABB,social.abb,33
ABC Fitness,abcfitness.com,33
Active.Ai - A Gupshup Inc Company,gupshup.io,33
BCX,bcx.co.za,33
Bank of Georgia,bankofgeorgia.ge,33
CAIXA,caixa.gov.br,33
Cleveland Clinic,www.clevelandclinic.org,33
Converse,converse.com,33
Curia,curiaglobal.com,33
GAF,gaf.com,33
IGM Financial Inc.,igmfinancial.com,33
JA Ingeniería Integral S.A.S.,sas.com,33
Jostens,jostens.com,33
Kendra Scott,kendrascott.com,33
Merck,merck.us,33
OFX,ofx.com,33
PGi,pgi.com,33
PenFed Credit Union,penfed.org,33
Rue Gilt Groupe,ruegiltgroupe.com,33
SPS Commerce,spscommerce.com,33
Samsung Ads,samsung.com,33
ScienceSoft,scnsoft.com,33
Siemens Gamesa,siemensgamesa.com,33
"Smith Seckman Reid, Inc.",ssr-inc.com,33
Societe Generale,societegenerale.com,33
Trellix,trellix.com,33
World Wide Technology,wwt.com,33
ASML,asml.com,32
AvePoint,avepoint.com,32
Bank Pekao S.A.,pekao.com.pl,32
"Bayview Asset Management, LLC",bayview.com,32
Blue Yonder,blueyonder.com,32
Booking.com,booking.com,32
CITY Furniture,cityfurniture.com,32
CVS Health,cvshealth.com,32
Canon Singapore,sg.canon,32
Coast Capital Savings,coastcapitalsavings.com,32
Comviva,comviva.com,32
Exabeam,exabeam.com,32
Fireblocks,fireblocks.com,32
General Motors,www.gm.com,32
Grocery Outlet,groceryoutlet.com,32
HGA,hga.com,32
Humana,humana.com,32
Invenergy,invenergy.com,32
Jama Software,jamasoftware.com,32
LGC,lgcgroup.com,32
Lucid Motors,lucidmotors.com,32
National Bank of Canada,www.bnc.ca,32
Okta,www.okta.com,32
Questrade Financial Group,questrade.com,32
Standard Insurance,standard.com,32
TaylorMade Golf Company,taylormadegolf.com,32
TestingXperts,testingxperts.com,32
University of Toronto,defygravitycampaign.utoronto.ca,32
Viatris,viatris.com,32
Wingstop Restaurants Inc.,www.wingstop.com,32
Zendesk,www.zendesk.com,32
adidas,adidas.com,32
ACI Worldwide,aciworldwide.com,31
Aptean,aptean.com,31
Basecone,wolterskluwer.com,31
Ben E. Keith Beverages,benekeith.com,31
Bristol Myers Squibb,www.bms.com,31
Chetu India,chetu.com,31
Digital Realty,digitalrealty.com,31
Entrust,entrust.com,31
Exact,exact.com,31
FreshBooks,freshbooks.com,31
GSMA,www.gsma.com,31
HCL,hcl.com,31
Instacart,instacart.com,31
Kaiser Permanente,kp.org,31
Markel,markel.com,31
N-able,n-able.com,31
Netflix,netflix.com,31
Rivian,rivian.com,31
Temasek,temasek.com.sg,31
Texas Health Resources,jobs.texashealth.org,31
Texas Instruments,ti.com,31
University of Virginia,virginia.edu,31
Zoox,zoox.com,31
AIS Survivex,www.bit.ly,30
American Century Investments,americancentury.com,30
Anaplan,anaplan.com,30
Atlas,oneatlas.com,30
Bain Capital,baincapital.com,30
Blazeclan Technologies,blazeclan.com,30
Bristol Myers Squibb,bms.com,30
Burberry,burberrycareers.com,30
Centric Brands,centricbrands.com,30
Contentful,contentful.com,30
Core & Main,coreandmain.com,30
Credit Suisse,www.credit-suisse.com,30
Cruise,getcruise.com,30
Emerson,emerson.com,30
Flagship Pioneering,flagshippioneering.com,30
Fortanix,fortanix.com,30
GardaWorld,garda.com,30
HSBC,www.hsbc.com,30
Hitachi Energy,hitachienergy.com,30
Houston International Insurance Group (HIIG),skywardinsurance.com,30
ING,ing.com,30
Indium,indium.tech,30
KnowBe4,knowbe4.com,30
Long View Systems,longviewsystems.com,30
MassMutual,massmutual.com,30
OneTrust,onetrust.com,30
PrimeSource Building Products,primesourcebp.com,30
Qualtrics,qualtrics.com,30
Quantexa,quantexa.com,30
Square,squareup.com,30
University of Washington,uw.edu,30
Warburg Pincus LLC,warburgpincus.com,30
Zimmer Biomet,zimmerbiomet.com,30
ADT,adt.com,29
Accordion,accordion.com,29
Airbus,airbus.com,29
Albertsons Companies,www.albertsonscompanies.com,29
Ampac Packaging,proampac.com,29
Aptiv,aptiv.com,29
Automation Anywhere,automationanywhere.com,29
Bank of America,bankofamerica.com,29
Bell,letstalk.bell.ca,29
Cleveland Clinic,my.clevelandclinic.org,29
Comarch,comarch.com,29
Consensys,consensys.world,29
Contentsquare,contentsquare.com,29
Dasa,dasa.com.br,29
David's Bridal,davidsbridal.com,29
Fivetran,fivetran.com,29
Fortress Investment Group,www.fortress.com,29
H.I.G. Capital,www.hig.com,29
HarbourVest Partners,harbourvest.com,29
Hines,hines.com,29
IEEE,ieee.org,29
Juniper Networks,juniper.net,29
Kapi‘olani Community College,www.kapiolani.hawaii.edu,29
Mars,mars.com,29
Marsh McLennan,marshmclennan.com,29
Mercer Advisors,merceradvisors.com,29
Mimecast,mimecast.com,29
OMERS,omers.com,29
Orion,orion.com,29
Palantir Technologies,palantir.com,29
Publicis Sapient,publicissapient.com,29
Recorded Future,recordedfuture.com,29
Redington Limited,redingtongroup.com,29
Reebok,reebok.com,29
T. Rowe Price,www.troweprice.com,29
YASH Technologies,yash.com,29
eSentire,esentire.com,29
Advance Auto Parts,www.advanceautoparts.com,28
AdventHealth,joinadventhealth.com,28
Bank of America Private Bank,privatebank.bankofamerica.com,28
Blue Cross Blue Shield of Massachusetts,www.bluecrossma.org,28
Bosch,www.bosch.com,28
Brookfield Properties,www.brookfieldproperties.com,28
Bupa,bupa.com,28
Calpine,calpine.com,28
ChenMed,chenmed.com,28
Co-operators,cooperators.ca,28
CompassMSP,compassmsp.com,28
Creative Planning,creativeplanning.com,28
Discovery Life Centre,discovery.co.za,28
Dynatrace,dynatrace.com,28
"Eby-Brown Company, LLC",www.eby-brown.com,28
Etisalat Services Holding,eand.com,28
G4F,g4f.com.br,28
Grupo Nós,raizen.com.br,28
Hexagon AB,hexagon.com,28
ING Poland,www.ing.pl,28
Icertis,icertis.com,28
Imperial College London,imperial.ac.uk,28
Intra-Cellular Therapies,intracellulartherapies.com,28
Invesco India Pvt. Ltd.,invesco.com,28
JumpCloud,jumpcloud.com,28
Maybank,www.maybank.com,28
Newgen Software,newgensoft.com,28
One97 Communications Limited,paytm.com,28
Personio,personio.com,28
Richemont,www.richemont.com,28
SAP,www.sap.com,28
Schroders,www.schroders.com,28
Sysdig,sysdig.com,28
Tanium,tanium.com,28
Énergir,www.energir.com,28
AIG,aig.com,27
Adastra,adastracorp.com,27
Arctic Wolf,arcticwolf.com,27
"Arrowstreet Capital, Limited Partnership",arrowstreetcapital.com,27
Atlas Air,www.atlasairworldwide.com,27
Avison Young,www.avisonyoung.com,27
Baxter International Inc.,baxter.com,27
Best Buy,jobs.bestbuy.com,27
Boston Medical Center (BMC),bmc.org,27
CAPTRUST,captrust.com,27
"CMTA, Inc.",cmta.com,27
CNB Bank,www.cnbbank.bank,27
Concentrix,concentrix.com,27
Custom Ink,www.customink.com,27
DLA Piper,dlapiper.com,27
Dataprise,dataprise.com,27
Del Monte Foods,delmontefoods.com,27
Deutsche Bahn,db.jobs,27
Docplanner,docplanner.com,27
ENGIE,engie.com,27
ESET,eset.com,27
Ensono,ensono.com,27
Fiverr,fiverr.com,27
Florida Blue,floridablue.com,27
Fortinet,www.fortinet.com,27
FreeAgent,freeagent.com,27
GREAT EASTERN,greateasternlife.com,27
General Motors,gm.com,27
Gore Mutual Insurance,goremutual.ca,27
Harry & David,harryanddavid.com,27
HighRadius,highradius.com,27
Hightower Advisors,www.hightoweradvisors.com,27
IQVIA,www.iqvia.com,27
Iron Mountain,ironmountain.com,27
Ivanti,ivanti.com,27
Johnson Controls,johnsoncontrols.com,27
K2M,stryker.com,27
Lenovo,www.lenovo.com,27
Liquid Intelligent Technologies,liquid.tech,27
NATS,www.nats.aero,27
NXP Semiconductors,nxp.com,27
Popular,popular.com,27
RateGain,rategain.com,27
RingLead: a ZoomInfo Company,zoominfo.com,27
Simmons Bank,simmonsbank.com,27
Smartsheet,smartsheet.com,27
Starr,starrcompanies.com,27
State Street Global Advisors,www.ssga.com,27
Sun International,suninternational.com,27
The Access Group,theaccessgroup.com,27
Tropicana Brands Group,www.tropicanabrandsgroup.com,27
Visma,visma.com,27
Advent,adventinternational.com,26
American Tire Distributors,www.atd.com,26
Armanino,armanino.com,26
Avantax,www.avantax.com,26
BDT & MSD Partners,www.bdtmsd.com,26
Barclays,home.barclays,26
Brookfield,brookfield.com,26
Cemex,cemex.com,26
Chargebee,chargebee.com,26
Critical Start,criticalstart.com,26
CrowdStrike,crowdstrike.com,26
DataCrédito Experian,experian.com,26
EmblemHealth,emblemhealth.com,26
ExxonMobil,exxonmobil.com,26
Genesys,genesys.com,26
Golden State Foods,goldenstatefoods.com,26
IFS,www.ifs.com,26
Inmar Intelligence,inmar.com,26
Ivalua,ivalua.com,26
Kyriba,kyriba.com,26
Manhattan Associates,manh.com,26
MarketAxess,marketaxess.com,26
Mass General Brigham,massgeneralbrigham.org,26
MongoDB,mongodb.com,26
NHS England,england.nhs.uk,26
Nasstar,nasstar.com,26
New York & Company,nyandcompany.com,26
Nucleus Software,nucleussoftware.com,26
Nutrien,nutrien.com,26
Pacific Life,pacificlife.com,26
Plexus Worldwide,plexusworldwide.com,26
Pluralsight,pluralsight.com,26
Poshmark,poshmark.com,26
Qualys,qualys.com,26
RBC Dominion Securities,www.rbcds.com,26
Rambus,rambus.com,26
Ramco Systems,ramco.com,26
Reliance Retail,www.relianceretail.com,26
Richemont,richemont.com,26
"Sapphire Digital, part of Zelis",zelis.com,26
Scale AI,scale.com,26
SecurityScorecard,securityscorecard.com,26
T-Mobile,t-mobile.com,26
Wavestone,wavestone.com,26
WithSecure,withsecure.com,26
Zuora,zuora.com,26
alphabroder,alphabroder.com,26
athenahealth,www.athenahealth.com,26
"iHerb, LLC",iherb.com,26
Alberta Health Services,albertahealthservices.ca,25
Assurant,assurant.com,25
Auger Torque Europe,www.augertorque.com,25
Aviva Canada,aviva.ca,25
BBGI Global Infrastructure SA,www.bb-gi.com,25
Best Egg,www.bestegg.com,25
BioNTech SE,biontech.de,25
Bizom,bizom.com,25
Bombardier,bombardier.com,25
Books A Million,www.booksamillion.com,25
Bright Horizons,brighthorizons.com,25
C6 Bank,c6bank.com.br,25
"Cambridge Investment Research, Inc.",www.joincambridge.com,25
Claroty,claroty.com,25
Cornèr Banca SA,www.corner.ch,25
Crayon,www.crayon.com,25
Damco Solutions,damcogroup.com,25
Discover,discover.com,25
ESB,esb.ie,25
Flywire,flywire.com,25
Forbright Bank,www.forbrightbank.com,25
Gallagher,ajg.com,25
HCA Healthcare UK,www.hcahealthcare.co.uk,25
Hastings Direct,hastingsdirectcareers.com,25
Hexaware Technologies,hexaware.com,25
INFORM GmbH - Optimization Software,inform-software.com,25
InfoCert,infocert.digital,25
Iris Software Inc.,irissoftware.com,25
Lenovo,lenovo.com,25
Logicalis,www.logicalis.com,25
Mews,mews.com,25
Migros-Genossenschafts-Bund,www.migros-gruppe.jobs,25
Moveworks,moveworks.com,25
MultiPlan,www.multiplan.us,25
Novation,vizientinc.com,25
Oxy,oxy.com,25
Patagonia,patagonia.com,25
Pond & Company,pondco.com,25
Purple,purple.com,25
Royal Mail,royalmail.com,25
Rystad Energy,rystadenergy.com,25
Schwyzer Kantonalbank,www.szkb.ch,25
TeamSystem,teamsystem.com,25
Tredence Inc.,tredence.com,25
ValueMomentum,valuemomentum.com,25
Veracode,veracode.com,25
Victory Capital,vcm.com,25
7-Eleven,www.7-eleven.com,24
A1 Telekom Austria AG,www.a1.net,24
AVEVA,aveva.com,24
Achmea,www.achmea.nl,24
Aegon,aegon.com,24
"Affiliated Engineers, Inc.",aeieng.com,24
AlixPartners,alixpartners.com,24
ApplyBoard,applyboard.com,24
Arvest Bank,arvest.com,24
Auberge Resorts Collection,aubergeresorts.com,24
BNY Mellon,www.bnymellon.com,24
Bank of Oklahoma,bokf.com,24
Beam Suntory,beamsuntory.com,24
Big Lots,www.biglots.com,24
"Bitglass, Inc.",forcepoint.com,24
Bluestem Brands,www.bluestem.com,24
Brown Advisory,brownadvisory.com,24
BrowserStack,browserstack.com,24
Burkland,www.burklandassociates.com,24
Bynder,bynder.com,24
CRIF,crif.com,24
Caisse de dépôt et placement du Québec (CDPQ),cdpq.com,24
Carters Inc.,www.carters.com,24
Commerzbank AG,commerzbank.com,24
Cutover,www.cutover.com,24
Diageo,diageo.com,24
Expedia Group,careers.expediagroup.com,24
F5,f5.com,24
FGX International,fgxi.com,24
FIGS,wearfigs.com,24
FIS,fisglobal.com,24
First National Bank LI®,www.fnbli.com,24
Flexport,flexport.com,24
Forterro,forterro.com,24
Globant,globant.com,24
GoldenTree Asset Management,goldentree.com,24
HNTB,www.hntb.com,24
Ingram,ingrammicro.com,24
Jade Global,jadeglobal.com,24
JetBlue,jetblue.com,24
KINESSO,kinesso.com,24
Lifepoint Health®,lifepointhealth.net,24
Lucanet,lucanet.com,24
Materialise,materialise.com,24
Menlo Security Inc.,menlosecurity.com,24
NetApp,www.netapp.com,24
PT BCA Multi Finance,bca.co.id,24
Planview,planview.com,24
Protective Life,protective.com,24
STV,www.stvinc.com,24
Samsonite,samsonite.com,24
SaskTel,sasktel.com,24
Shane Co.,shaneco.com,24
Signature HealthCARE,signature-healthcare.org,24
Southern Bank and Trust Company,www.southernbank.com,24
Spring Health,springhealth.com,24
StevenDouglas,stevendouglas.com,24
Subaru of America,subaru.com,24
Sunovion Pharmaceuticals,www.sunovion.com,24
Sutherland,sutherlandglobal.com,24
Swagelok,swagelok.com,24
"Swire Coca-Cola, USA",swirecc.com,24
Syracuse University,syracuse.edu,24
TRC Systems LLC,tower-research.com,24
TecBan,tecban.com.br,24
Tetra Pak,www.tetrapak.com,24
Tricentis,tricentis.com,24
UST,ust.com,24
United Therapeutics Corporation,www.unither.com,24
Zayo Group,zayo.com,24
cablex AG,www.cablex.ch,24
commercetools,www.commercetools.com,24
Absa Group,absa.africa,23
Accuray,accuray.com,23
Advisor360°,advisor360.com,23
"Alexandria Real Estate Equities, Inc.",are.com,23
Ambit Private Limited,ambit.co,23
Ameris Bank,amerisbank.com,23
Anderson Merchandisers,amerch.com,23
Angel One,angelone.in,23
Arch Re,reinsurance.archgroup.com,23
Asana,asana.com,23
BCD Travel,bcdtravel.com,23
BMC Software,bmc.com,23
Baker Tilly US,bakertilly.global,23
Bank of America Merrill Lynch,www.bofaml.com,23
Beneva,beneva.ca,23
Black Box,blackbox.com,23
Black Duck,synopsys.com,23
Boehringer Ingelheim,boehringer-ingelheim.com,23
Boston College,bc.edu,23
CAA Club Group,caasco.com,23
CDI LLC,cdillc.com,23
Cegid,www.cegid.com,23
Celonis,celonis.com,23
Centene Corporation,centene.com,23
CenturyLink,centurylink.com,23
Coforge,coforge.com,23
Colruyt Group,colruytgroup.com,23
CoreSite,coresite.com,23
Credence Global Solutions,credencegs.com,23
Crefisa,crefisa.com.br,23
Darktrace,darktrace.com,23
Disney Media & Entertainment Distribution,disney.com,23
Eastern Bank,easternbank.com,23
Esri,esri.com,23
Expel,expel.com,23
FNB South Africa,fnb.co.za,23
FedEx,fedex.com,23
Fidelity International,fidelityinternational.com,23
H-E-B,heb.com,23
HENSOLDT,www.hensoldt.net,23
HP,www.hp.com,23
Hapvida NotreDame Intermédica,www.hapvidagndi.com.br,23
Hewlett Packard Enterprise,www.hpe.com,23
Intact,www.intactfc.com,23
Just Global,justglobal.com,23
KIO,kio.tech,23
Kaluza,kaluzainc.com,23
Lazard,lazard.com,23
Magna International,magna.com,23
McKinsey & Company,mckinsey.com,23
Merrill Lynch,www.ml.com,23
Moelis & Company,moelis.com,23
NETGEAR,netgear.com,23
OVHcloud,ovhcloud.com,23
PNC,pnc.com,23
Prologis,www.prologis.com,23
Quest Diagnostics,www.questdiagnostics.com,23
Red Canary,redcanary.com,23
Roblox,careers.roblox.com,23
Sandisk,westerndigital.com,23
Santander,santander.com,23
Shell,shell.com,23
SimCorp,www.simcorp.com,23
St. Galler Kantonalbank AG,www.sgkb.ch,23
Stellantis,stellantis.com,23
Stellenbosch University,sun.ac.za,23
Telecom Argentina,telecom.com.ar,23
The University of British Columbia,ubc.ca,23
U.S. Department of Veterans Affairs,www.va.gov,23
UOB Asset Management,uobam.com.sg,23
Uplers,uplers.com,23
WABCO,www.zf.com,23
Warner Bros. Discovery,tvn.pl,23
Yum! Brands,yum.com,23
Zalando,jobs.zalando.com,23
Zendesk,zendesk.com,23
a1qa,a1qa.com,23
AMD,amd.com,22
Acadian Asset Management,acadian-asset.com,22
Act-On Software,act-on.com,22
Appgate,appgate.com,22
Arm,arm.com,22
Aryaka,aryaka.com,22
Associated Wholesale Grocers,www.awginc.com,22
Atlassian,atlassian.com,22
Autoneum,www.autoneum.com,22
BNP Paribas,bnpparibas.com,22
Babcock International Group,babcockinternational.com,22
Bancolombia,bancolombia.com,22
BigID,bigid.com,22
Bouygues Telecom,bouyguestelecom.fr,22
Braskem,www.braskem.com,22
Brooks Brothers,brooksbrothers.com,22
C&S Wholesale Grocers,www.cswg.com,22
CAE,cae.com,22
CNO Financial Group,cnoinc.com,22
Coca-Cola FEMSA,coca-colafemsa.com,22
County of Kauaʻi,kauai.gov,22
Custom Ink,customink.com,22
Cyderes,cyderes.com,22
DoorDash,doordash.com,22
Empire Life,empire.ca,22
F5,www.f5.com,22
First American,firstam.com,22
Florida International University,fiu.edu,22
GRUNDFOS,grundfos.com,22
Gerdau,www2.gerdau.com.br,22
Globacom,gloworld.com,22
Greystone,greystone.com,22
Griffith Foods,griffithfoods.com,22
Grupo CCR,grupoccr.com.br,22
HarborOne Bank,harborone.com,22
Heartland Bank and Trust Company,www.hbtbank.com,22
Huntress,huntress.com,22
IAT Insurance Group,iatinsurancegroup.com,22
ISG,isgltd.com,22
Included Health,includedhealth.com,22
Intercom,www.intercom.com,22
Joyson Safety Systems,joysonsafety.com,22
Kremer Bv 'S Heerenberg,www.kremer.nl,22
Lansweeper,lansweeper.com,22
LeadSquared,leadsquared.com,22
LinkedIn,linkedin.com,22
Lloyds Banking Group,lloydsbankinggroup.com,22
Loblaw Companies Limited,www.loblaw.ca,22
Lovesac,lovesac.com,22
Mazda North American Operations,mazdausa.com,22
Metrolinx,metrolinx.com,22
Momentum,momentum.co.za,22
Morningstar,morningstar.com,22
"Movado Group, Inc",movadogroup.com,22
Nationwide Building Society,nationwide.co.uk,22
Neighborly®,www.neighborlybrands.com,22
Netman,www.netman.co.jp,22
"Niantic, Inc.",nianticlabs.com,22
Northern Tool + Equipment,northerntool.com,22
OCC,theocc.com,22
Olo,olo.com,22
Pan-American Life Insurance Group,palig.com,22
Peak,www.peak.ai,22
Point72,point72.com,22
Pyramid Global Hospitality,pyramidglobal.com,22
Redwood Software,redwood.com,22
SITA SOC (Ltd),sita.co.za,22
SIX,www.six-group.com,22
Searce Inc,searce.com,22
Securitas UK,www.securitas.uk.com,22
Shamrock Foods Company,shamrockfoods.com,22
SolarWinds,www.solarwinds.com,22
Sorelec,www.sorelec.com,22
TORY BURCH,torybur.ch,22
Tate & Lyle,tateandlyle.com,22
Tokio Marine HCC,tmhcc.com,22
Touchstone Investments,westernsouthern.com,22
"University of California, Berkeley",berkeley.edu,22
University of Michigan,umich.edu,22
Upfield,www.florafoodgroup.com,22
Veolia,veolia.com,22
Verizon,verizon.com,22
Visa,usa.visa.com,22
WB Engineers+Consultants,wbengineering.com,22
Wealthfront,wealthfront.com,22
Wego Systembaustoffe GmbH,www.wego-vti.de,22
Xiaomi India,mi.com,22
"Zenith American Solutions, Inc.",zenith-american.com,22
Zeppelin Baumaschinen GmbH,www.zeppelin-cat.de,22
dentsu,dentsu.com,22
eBay,ebay.com,22
Actinver,actinver.com,21
All Covered,kmbs.konicaminolta.us,21
Alstom Power,www.linkedin.com,21
Altruist,altruist.com,21
Ambev,ambev.com.br,21
Apollo Tyres Ltd,apollotyres.com,21
Apple Bank,applebank.com,21
"Arena Pharmaceuticals, Inc.",pfizer.com,21
Ascensus,ascensus.com,21
Banca Transilvania,bancatransilvania.ro,21
Banco Daycoval,daycoval.com.br,21
Bernstein Private Wealth Management,bernstein.com,21
Books A Million,booksamillion.com,21
CANDEREL GROUP,www.canderel.com,21
Camden National Bank,www.camdennational.bank,21
Cargill,cargill.com,21
Carnegie Mellon University,cmu.edu,21
Christie's,www.christies.com,21
Confidential,confidential-company.com,21
ConocoPhillips,conocophillips.com,21
Cyera,cyera.io,21
"DEG, a Merkle Company",merkle.com,21
Digital Realty,www.digitalrealty.com,21
Dream11,dream11.com,21
Driscoll's,driscolls.com,21
Dropbox,dropbox.com,21
Eddie Bauer,eddiebauer.com,21
Eisai US,us.eisai.com,21
Embraer,embraer.com,21
Equinix,www.equinix.com,21
Euroclear,www.euroclear.com,21
Eurocom DLE S.p.A.,www.eurocomspa.it,21
Everbridge,everbridge.com,21
Federal Aviation Administration,www.faa.gov,21
"FireEye, Inc.",fireeye.com,21
Fonds de solidarité FTQ,fondsftq.com,21
Fortegra,fortegra.com,21
GIC,gic.com.sg,21
Global Hitss Brasil,globalhitss.com,21
Harvard University,harvard.edu,21
Human Interest,humaninterest.com,21
IGEL Technology,igel.com,21
Inspira Enterprise,inspiraenterprise.com,21
JetBrains,jetbrains.com,21
John Hancock,johnhancock.com,21
Julius Baer,juliusbaer.com,21
Kore.ai,kore.ai,21
Lincoln Financial,www.lincolnfinancial.com,21
Madewell,jobs.jcrew.com,21
Merz Aesthetics,merzaesthetics.com,21
Mountain America Credit Union,macu.com,21
NBCUniversal,www.nbcuniversal.com,21
Nanometrics,ontoinnovation.com,21
Network International,network.ae,21
New Era Cap,neweracap.com,21
Newsflare,www.newsflare.com,21
Niagara Bottling,niagarawater.com,21
OLG,www.olg.ca,21
Omaha Steaks,omahasteaks.com,21
Paddle,paddle.com,21
Pegasystems,pega.com,21
"Pivotal Software, Inc.",vmware.com,21
Precisely,precisely.com,21
QAD,qad.com,21
Ricoh Europe,www.ricoh-europe.com,21
Rolls-Royce,rolls-royce.com,21
Saksoft,saksoft.com,21
Sapiens,sapiens.com,21
SharkNinja,sharkninja.com,21
South African Post Office,postoffice.co.za,21
State of California,ca.gov,21
"Sumitomo Pharma America, Inc.",us.sumitomo-pharma.com,21
Swedbank,swedbank.com,21
T-Systems Iberia,t-systems.com,21
TFG (The Foschini Group),tfglimited.co.za,21
Tesco Bank,tescobank.com,21
ThoughtSpot,thoughtspot.com,21
Tiger Brands,tigerbrands.com,21
Topcon Positioning Systems,topconpositioning.com,21
University of Ottawa,uottawa.ca,21
Up Cityzen,www.up.coop,21
Varonis,varonis.com,21
Vinted,vinted.com,21
WSP,wsp.com,21
WVU Medicine,wvumedicine.org,21
Weir Minerals,www.global.weir,21
Whirlpool Corporation,whirlpool.com,21
Xilinx,www.xilinx.com,21
Yubi,go-yubi.com,21
eInfochips (An Arrow Company),einfochips.com,21
8x8,8x8.com,20
Abbott,www.abbott.com,20
Aeromexico,aeromexico.com,20
AltaGas Ltd.,altagas.ca,20
Andreessen Horowitz,a16z.com,20
Arla Foods,arla.com,20
"Arlo Technologies, Inc.",arlo.com,20
Avvale,avvale.com,20
BANCO DEL BAJIO,bb.com.mx,20
BBC,bbc.co.uk,20
BCM,bcm.edu,20
BGIS,bgis.com,20
Bell Media,bellmedia.ca,20
Beneficial Bank,wsfsbank.com,20
Berkowitz Pollack Brant Advisors + CPAs,bpbcpa.com,20
Blue Cross and Blue Shield of Kansas City,bluekc.com,20
Brex,brex.com,20
CI&T,ciandt.com,20
Caltech,caltech.edu,20
"Centerbridge Partners, L.P.",centerbridge.com,20
Centris AG,www.centrisag.ch,20
Citizens,citizensbank.com,20
Cleveland Clinic,clevelandclinic.org,20
CleverTap,clevertap.com,20
Cross River,crossriver.com,20
Dawn Foods Global,dawnfoods.com,20
Dimension Data,dimensiondata.com,20
EQ Bank | Equitable Bank,eqbank.ca,20
EcoOnline,ecoonline.com,20
Edgio,edg.io,20
Emarsys,emarsys.com,20
EwingCole,ewingcole.com,20
FUJIFILM BI Hong Kong,global.fujifilm.com,20
GAVS Technologies,gavstech.com,20
GitLab,about.gitlab.com,20
Global Payments Inc.,company.globalpayments.com,20
Golden 1 Credit Union,golden1.com,20
GroupM,groupm.com,20
Grubhub,grubhub.com,20
HackerOne,hackerone.com,20
Hess Corporation,hess.com,20
HubSpot,hubspot.com,20
INVEX,invex.com,20
Infoglen,infoglen.com,20
"Inteliquent, a Sinch company",sinch.com,20
Intellect Design Arena Ltd,www.intellectdesign.com,20
Intentsify,intentsify.io,20
InterVision Systems,intervision.com,20
KIND,kindsnacks.com,20
KUKA,www.kuka.com,20
Lids,lids.com,20
Life Healthcare,www.lifehealthcare.co.za,20
"Lord, Abbett & Co. LLC",lordabbett.com,20
MAHINDRA AND MAHINDRA FINANCIAL SERVICES LIMITED,mahindra.com,20
MAHLE,mahle.com,20
Microsoft,,20
Minsait,minsait.com,20
Mr Price Group,mrpricegroup.com,20
"National DCP, LLC",nationaldcp.com,20
Nintex,nintex.com,20
O2 Czech Republic,o2.cz,20
ON24,www.on24.com,20
OffSec,offsec.com,20
Orca Security,orca.security,20
PACCAR,paccar.com,20
PeopleStrong,peoplestrong.com,20
Pigment,pigment.com,20
Ping Identity,pingidentity.com,20
Puget Sound Energy,pse.com,20
Raiffeisen Bank International AG,www.rbinternational.com,20
SS&C Blue Prism,blueprism.com,20
Sculptor Capital Management,sculptor.com,20
Shopify,shopify.com,20
SoFi,sofi.com,20
Softcat,softcat.com,20
Squarepoint,squarepoint-capital.com,20
StepStone Group,stepstonegroup.com,20
Swarovski Crystal,www.swarovski.com,20
Synack Red Team,synack.com,20
The Authentic Food Co.,www.tafc.com,20
The Duracell Company,duracell.com,20
The Hartford,thehartford.com,20
UPMC Health Plan,upmchealthplan.com,20
USAA,www.usaajobs.com,20
Unanet,unanet.com,20
University of the Witwatersrand,wits.ac.za,20
Valeo,valeo.com,20
Vista Equity Partners,www.vistaequitypartners.com,20
Viva,vivaaerobus.com,20
WatchGuard Technologies,watchguard.com,20
Worldwide Express,wwex.com,20
Yelp,yelp.com,20
Zoetis,zoetis.com,20
Zoho,www.zoho.com,20
Zumiez,zumiez.com,20
AT&T,www.sky.com,19
Agilent Technologies,www.agilent.com,19
Ascentium Capital,ascentiumcapital.com,19
Astronomer,astronomer.io,19
Atos Information Technology GmbH,www.atosorigin.com,19
Aviva,aviva.com,19
BDO South Africa,www.bdo.co.za,19
BT Group,bt.com,19
Banregio,banregio.com,19
Bayer,bayer.com,19
Bill & Melinda Gates Foundation,gatesfoundation.org,19
BioMed Realty,biomedrealty.com,19
Bosch Polska,bosch.pl,19
CGI,cgi.com,19
Calzedonia Group,www.calzedonia.sites.altamiraweb.com,19
Cashfree Payments,cashfree.com,19
Central Bank of Ireland,centralbank.ie,19
Centrica,centrica.com,19
Claro Colombia,claro.com.co,19
Clear Street,clearstreet.io,19
Continental,continental.com,19
Corelight,corelight.com,19
Credit Karma,creditkarma.com,19
Cynet Security,cynet.com,19
Datto,datto.com,19
Disney+ Hotstar,hotstar.com,19
Entain,entaingroup.com,19
EssilorLuxottica,essilorluxottica.com,19
Exclaimer,exclaimer.com,19
FARFETCH,www.farfetch.com,19
FIFTH THIRD,53.com,19
Family Heritage Life Insurance Company of America,home.globelifeinsurance.com,19
Fastly,fastly.com,19
Firstsource,firstsource.com,19
Follett Higher Education,follett.com,19
Forescout Technologies Inc.,forescout.com,19
Galicia Bank,www.galicia.ar,19
Geller,gellerco.com,19
GetYourGuide,getyourguide.com,19
Gilead Sciences,gilead.com,19
Glaukos Corporation,glaukos.com,19
Grinnell Mutual,grinnellmutual.com,19
Hitachi Zosen Inova,www.hz-inova.com,19
Houlihan Lokey,hl.com,19
IONOS,ionos.ly,19
InComm Payments,www.incomm.com,19
Infinite Computer Solutions,infinite.com,19
Itaú Unibanco,itau.com.br,19
Kotak Securities,www.kotaksecurities.com,19
L'Oréal,loreal.com,19
Lazard Asset Management,www.lazardassetmanagement.com,19
Lexmark,www.lexmark.de,19
Macquarie Telecom Group,www.macquarietelecomgroup.com,19
Micron Technology,micron.com,19
"Ministry of Communications and Information Technology (MCIT), Egypt",www.mcit.gov.eg,19
Mizuho,mizuhogroup.com,19
Nium,nium.com,19
Novant Health,novanthealth.org,19
OTJ Architects,otj.com,19
Ontario Teachers' Pension Plan,otpp.com,19
Orthofix,orthofix.com,19
PEAK6,peak6.com,19
PGIM,pgim.com,19
PTSB,www.ptsb.ie,19
Paramount,paramount.com,19
"Penumbra, Inc.",penumbrainc.com,19
Pepsi Bottling Ventures,pepsibottlingventures.com,19
Powin,powin.com,19
Purdue Pharma L.P.,www.purduepharma.com,19
Q2,q2.com,19
QinetiQ,qinetiq.com,19
RELEX Solutions,relexsolutions.com,19
Retired,psypr.com,19
Revolut,revolut.com,19
Rijkswaterstaat,werkenbij.rijkswaterstaat.nl,19
Rimini Street,riministreet.com,19
Schaffhauser Kantonalbank,www.shkb.ch,19
Seacoast Bank,seacoastbank.com,19
Seclore,seclore.com,19
SecureOps,secureops.com,19
Seven Bridges,www.sevenbridges.com,19
Sophos,www.sophos.com,19
Southern Glazer's Wine & Spirits,southernglazers.com,19
Staffbase,staffbase.com,19
Sterling Bank,sterling.ng,19
Stibo Systems,stibosystems.com,19
Symbotic,symbotic.com,19
TELUS,telus.com,19
TRIMEDX,trimedx.com,19
Tallgrass,tallgrass.com,19
Texas Tech University,ttu.edu,19
Tietoevry,tietoevry.com,19
TikTok,tiktok.com,19
Transamerica,www.transamerica.com,19
U.S. Department of Justice,www.justice.gov,19
UnitedLex,unitedlex.com,19
University of Cambridge,cam.ac.uk,19
Vanderweil Engineers,vanderweil.com,19
Vectra AI,vectra.ai,19
Virgin Money,www.virginmoneyukplc.com,19
WNS,wns.com,19
Walgreens,walgreens.com,19
Wedbush,wedbush.com,19
astara,astara.com,19
bet365,www.bet365careers.com,19
AFIRME FINANCIAL GROUP,empleos.afirme.com,18
ALD Automotive,www.aldautomotive.com,18
AbbVie,www.abbvie.com,18
Acadia Pharmaceuticals Inc.,acadia.com,18
Acima,acima.com,18
Airports Company South Africa,airports.co.za,18
Aiven,aiven.io,18
Albemarle Corporation,albemarle.com,18
Altair,altair.com,18
Altium Packaging,altiumpkg.com,18
Amcor,amcor.com,18
Amcor,www.amcor.com,18
Ancestry,careers.ancestry.com,18
Anduril Industries,anduril.com,18
Antares Capital LP,antares.com,18
Apollo Hospitals,apollohospitals.com,18
BBVA,bbva.com,18
Balyasny Asset Management L.P.,www.bamfunds.com,18
Banco BASE,bancobase.com,18
Banco Supervielle,supervielle.com.ar,18
Banner Bank,bannerbank.com,18
Beautycounter,beautycounter.com,18
BeyondTrust,beyondtrust.com,18
Binghamton University,binghamton.edu,18
BlueVoyant,bluevoyant.com,18
CIB Egypt,cibeg.com,18
CMPC,www.cmpc.com,18
CPP Investments | Investissements RPC,cppinvestments.com,18
CRH,crh.com,18
Calgary Airport Marriott In-Terminal Hotel,marriott.com,18
Canada Energy Regulator | Régie de l’énergie du Canada,canada.ca,18
"Captive Resources, LLC",captiveresources.com,18
Certinia,certinia.com,18
"Channel Control Merchants, LLC",ccmllc.com,18
CoBank,cobank.com,18
Cofomo,cofomo.com,18
Cohen & Steers,cohenandsteers.com,18
Colt Technology Services,www.colt.net,18
CooperSurgical,coopersurgical.com,18
Coro,coro.net,18
DataRobot,datarobot.com,18
Denodo,denodo.com,18
Driven Brands Inc.,www.drivenbrands.com,18
Duke University,duke.edu,18
EOH,eoh.co.za,18
Employment Hero,employmentinnovations.com,18
Equifax,equifax.com,18
FS Investments,fsinvestments.com,18
"FTSE Russell, An LSEG Business",lseg.com,18
Federal Reserve Bank of New York,newyorkfed.org,18
First PREMIER Bank/PREMIER Bankcard,firstpremier.com,18
Foundry,foundryco.com,18
Freepoint Commodities,freepoint.com,18
GWL Realty Advisors,www.gwlra.com,18
Galaxy,galaxy.com,18
Genisys Group,genisys-group.com,18
"Ginkgo Bioworks, Inc.",ginkgobioworks.com,18
Goodyear Germany GmbH,www.goodyear.com,18
Grange Insurance,grangeinsurance.com,18
HP,hp.com,18
Harris Associates,harrisassoc.com,18
HedgeServ,hedgeserv.com,18
Herr Foods Inc.,herrs.com,18
Hoffmaster,hoffmaster.com,18
ITG Brands,itgbrands.com,18
Ideagen,ideagen.com,18
Independent Health,independenthealth.com,18
Insider.,useinsider.com,18
Inspire Medical Systems,inspiresleep.com,18
Jagex,www.jagex.com,18
Kimberly-Clark,kimberly-clark.com,18
LEO A DALY,leoadaly.com,18
Labcorp,www.labcorp.com,18
M Group Services,mgroupservices.com,18
Madrigal Pharmaceuticals,madrigalpharma.com,18
Magic Leap,www.magicleap.com,18
Marquette Bank,www.emarquettebank.com,18
Meltwater,meltwater.com,18
Motor Fuel Group,www.motorfuelgroup.com,18
NTT DATA India,services.global.ntt,18
Northbridge Insurance,northbridgeinsurance.ca,18
Nubank,nubank.com.br,18
"Nutrisystem, Inc.",nutrisystem.com,18
"Nuveen, a TIAA company",nuveen.com,18
OMEGA SA,www.omegawatches.com,18
OTIP (Ontario Teachers Insurance Plan),otip.com,18
OutSystems,outsystems.com,18
PLZ Corp,www.plzcorp.com,18
PPS,pps.co.za,18
Pacific Gas and Electric Company,pge.com,18
Principal Asset Management,principal.com,18
Qlik,qlik.com,18
Reliance Communications,www.rcom.co.in,18
Rent The Runway,renttherunway.com,18
Riachuelo,riachuelo.com.br,18
Ridgewood Savings Bank,www.ridgewoodbank.com,18
Seguros Monterrey New York Life,mnyl.com.mx,18
Semperis,www.semperis.com,18
Sonar,sonarsource.com,18
Standard Chartered,www.sc.com,18
State Street Global Advisors,ssga.com,18
StoneX Group Inc.,stonex.com,18
TIAA,tiaa.org,18
TOTVS,www.totvs.com,18
Tanger,www.tanger.com,18
TeamLogic IT,teamlogicit.com,18
Temenos,temenos.com,18
Teradata,teradata.com,18
Texas A&M University,tamu.edu,18
The Doctors Company,thedoctors.com,18
The Wasserstrom Company,wasserstrom.com,18
Travelport,travelport.com,18
Ubisoft,ubisoft.com,18
University of Johannesburg,uj.ac.za,18
University of Wisconsin-Madison,wisc.edu,18
Workiva,workiva.com,18
Yubico,yubico.com,18
ZeroFox,zerofox.com,18
act digital,actdigital.com,18
bp,bp.com,18
embecta,embecta.com,18
iCIMS,icims.com,18
solutions by stc,solutions.com.sa,18
the LEGO Group,lego.com,18
2U,2u.com,17
Abercrombie & Fitch Co.,abercrombie.com,17
Absolute Security,absolute.com,17
Accion Labs,accionlabs.com,17
Aha!,aha.io,17
Alkami Technology,alkami.com,17
American Family Insurance,amfam.com,17
Amy's Kitchen,amys.com,17
Arch Insurance Group Inc.,www.archinsurance.com,17
Arcserve,arcserve.com,17
Arm,www.arm.com,17
Aspire Bakeries,aspirebakeries.com,17
Assura,www.assura.ch,17
Autoliv,autoliv.com,17
Avantax,avantax.com,17
Aviso,aviso.ca,17
Avista,myavista.com,17
BNB Bank,dime.com,17
Baird,www.rwbaird.com,17
Banco,multiva.com.mx,17
Barracuda,barracuda.com,17
Beamery,beamery.com,17
Billtrust,billtrust.com,17
Bluebeam,bluebeam.com,17
C&A Brasil,cea.com.br,17
CITGO,citgo.com,17
CME Group,cmegroup.com,17
CUMULUS MEDIA,cumulusmedia.com,17
"Calabrio, Inc.",calabrio.com,17
CareCentrix,carecentrix.com,17
Cerberus Capital Management,cerberus.com,17
Cerity Partners,ceritypartners.com,17
Charter Communications,jobs.spectrum.com,17
Choice Hotels International,choicehotels.com,17
Citadel Securities,citadelsecurities.com,17
Claremont,claremontgi.com,17
ComplyAdvantage,complyadvantage.com,17
Continental,www.continental-careers.com,17
Corient,www.corient.com,17
Cornerstone OnDemand,cornerstoneondemand.com,17
Crate and Barrel,crateandbarrel.com,17
Daimler AG,www.daimler.com,17
Dataiku,dataiku.com,17
Deciphera Pharmaceuticals,deciphera.com,17
Deerfield Management,deerfield.com,17
Deliveroo,deliveroo.co.uk,17
Dimensional Fund Advisors,dimensional.com,17
Dufry Group,www.dufry.com,17
"EILEEN FISHER, INC.",eileenfisher.com,17
ESPN,espncareers.com,17
Elm Company,elm.sa,17
Emirates NBD,emiratesnbd.com,17
Enfusion,enfusion.com,17
Eni,eni.com,17
Enquero,genpact.com,17
Esko,esko.com,17
F.LLI BONO S.P.A.,www.bonoflli.it,17
Financial Conduct Authority,fca.org.uk,17
Financial Times,ft.com,17
First Midwest Bank,oldnational.com,17
Florida Crystals,floridacrystals.com,17
Fujitsu,fujitsu.com,17
Gen Re,genre.com,17
General Dynamics Ordnance and Tactical Systems,gd-ots.com,17
Geveke,www.geveke.com,17
GoPro,gopro.com,17
GoodRx,goodrx.com,17
Greater Toronto Airports Authority,www.torontopearson.com,17
Green Thumb Industries (GTI),gtigrows.com,17
HUMAN,humansecurity.com,17
"Halozyme, Inc.",www.halozyme.com,17
Horsa,horsa.com,17
IDFC FIRST Bank,idfcfirstbank.com,17
IHS Towers,ihstowers.com,17
"IMA Financial Group, Inc.",imacorp.com,17
Incedo Inc.,incedoinc.com,17
Incyte,incyte.com,17
Ingram Micro,www.ingrammicro.com,17
Intercope,intercope.com,17
"Interface Engineering, Inc.",interfaceengineering.com,17
Jamf,jamf.com,17
Johnson Controls,www.johnsoncontrols.com,17
Kasasa,www.kasasa.com,17
Konecranes,konecranes.com,17
LendingTree,lendingtree.com,17
Linklaters,linklaters.com,17
Logitech,www.logitech.com,17
Loyalty Expert,www.loyaltycompany.com,17
M&T Bank,www3.mtb.com,17
MRI Software,mrisoftware.com,17
Monster Energy,monsterenergy.com,17
NFU Mutual,nfumutual.co.uk,17
National Bank of Greece,nbg.gr,17
National Renewable Energy Laboratory,nrel.gov,17
North Carolina State University,ncsu.edu,17
Northbridge Financial Corporation,nbfc.com,17
Optiver,optiver.com,17
PKO Bank Polski,pkobp.pl,17
PNB MetLife India Insurance Co. Ltd,pnbmetlife.com,17
PT Bank Sinarmas Tbk,banksinarmas.com,17
Perfios,perfios.com,17
Persistent Systems,persistent.com,17
Planned Parenthood Federation of America,plannedparenthood.org,17
Qatar Islamic Bank (QIB),qib.com.qa,17
Quality Bicycle Products,qbp.com,17
Quiksilver,www.quiksilver.com,17
RLI Insurance Company,rlicorp.com,17
Raymond James,www.raymondjames.com,17
SailPoint,sailpoint.com,17
Sendcloud,sendcloud.com,17
Serrala,serrala.com,17
Shure Incorporated,shure.com,17
SolarWinds,solarwinds.com,17
Spreetail,www.spreetail.com,17
Stephens,www.stephens.com,17
Sterling Capital Management LLC,sterlingcapital.com,17
Suzano,suzano.com.br,17
Symetra,symetra.com,17
Syngenta,syngenta.com,17
TD Securities,tdsecurities.com,17
Team Velocity,teamvelocitymarketing.com,17
The Honest Company,honest.com,17
The RealReal,careers.therealreal.com,17
Tyson Foods,tyson.com,17
"Upgrade, Inc.",upgrade.com,17
Vera Bradley,verabradley.com,17
Veronica Beard,veronicabeard.com,17
Vertex Pharmaceuticals,global.vrtx.com,17
Visa,visa.com,17
Wells Enterprises,wellsenterprisesinc.com,17
Western Union,westernunion.com,17
Xceedance,xceedance.com,17
Yext,yext.com,17
choreograph,choreograph.com,17
pharosIQ,pharosiq.com,17
ADIENT SEATING,adient.com,16
AFEX,corpay.com,16
AXA,axa.com,16
Aavas Financiers Ltd,aavas.in,16
Acima,www.acima.com,16
Age UK,www.ageuk.org.uk,16
Air Lease,airleasecorp.com,16
Air Products,airproducts.com,16
Alicorp,alicorp.com.pe,16
Allianz Global Investors,allianzgi.com,16
Altasciences,altasciences.com,16
American Bankers Association,aba.com,16
American Signature Inc.,www.americansignaturefurniture.com,16
Arab Bank,www.arabbank.com,16
Ardent Mills,ardentmills.com,16
Arhaus,arhaus.com,16
Ariat International,ariat.com,16
AutoScout24,autoscout24.de,16
BLUE ORIGIN,www.blueorigin.com,16
BNY,bnymellon.com,16
BPM LLP,bpm.com,16
BSA,bsalifestructures.com,16
Banco Davivienda,davivienda.com,16
Bank of Baroda,www.bankofbaroda.co.in,16
Bank of Ireland,bankofireland.com,16
Baskervill,baskervill.com,16
Bayer,www.bayer.com,16
"Bayview Asset Management, LLC",www.bayview.com,16
Belfius,www.belfius.be,16
Black & Veatch,bv.com,16
BlackLine,blackline.jp,16
Blue Mantis,bluemantis.com,16
Buckeye Partners,buckeye.com,16
CPS,www.cps.com,16
Canada Life,canadalife.co.uk,16
Canvas Credit Union,canvas.org,16
Centric Software,centricsoftware.com,16
Channable,channable.com,16
Cherry Bekaert,cbh.com,16
Circle,circle.com,16
Clemson University,go.tig.rs,16
Coastal Credit Union,www.coastal24.com,16
Computacenter,www.computacenter.com,16
Conduent,conduent.com,16
Consorzio del formaggio Parmigiano Reggiano,www.parmigianoreggiano.it,16
"Coriant, Inc.",infinera.com,16
Cushing Terrell,cushingterrell.com,16
"Dragos, Inc.",dragos.com,16
Dun & Bradstreet,dnb.com,16
EDF Renewables North America,edf-re.com,16
Ecolab,ecolab.com,16
Edenred,edenred.com,16
Einstein Hospital Israelita,einstein.br,16
EllisDon,ellisdon.com,16
Engle Martin,englemartin.com,16
Evolutio Empowering the cloud,evolutio.com,16
Fashion Nova,fashionnova.com,16
Fedbank Financial Services Ltd - Fedfina,fedfina.com,16
"FibroGen, Inc.",www.fibrogen.com,16
First Bank Richmond,www.firstbankrichmond.com,16
Four Seasons Hotel Boston,fourseasons.com,16
GAINSCO,gainsco.com,16
GRAPHISOFT,graphisoft.com,16
Genworth,genworth.com,16
Gigamon,gigamon.com,16
GlobalSign,globalsign.com,16
GoCardless,gocardless.com,16
Gordon Brothers,gordonbrothers.com,16
Groupe BPCE,groupebpce.com,16
GuidePoint Security,guidepointsecurity.com,16
HDFC securities,hdfcsec.com,16
HHM Hotels,hhmhotels.com,16
Hargreaves Lansdown,hl.co.uk,16
"HigherEchelon, Inc.",higherechelon.com,16
Hootsuite,hootsuite.com,16
Huawei,huawei.com,16
ING Belgium,www.ing.be,16
Infineon Technologies,infineon.com,16
Infobip,infobip.com,16
Infogain,infogain.com,16
Infovista,infovista.com,16
Inmac wstore,inmac-wstore.com,16
Inogen,provider.inogen.com,16
JOWA AG,www.jowa.ch,16
KKR,kkr.com,16
KLA,kla.com,16
KPMG Bosnia and Herzegovina,home.kpmg.com,16
Kayne Anderson,www.kayneanderson.com,16
KeHE & DPI Specialty Foods,dpispecialtyfoods.com,16
Keyfactor,keyfactor.com,16
Klarna,klarna.com,16
Komerční banka,kb.cz,16
Lessonly (now Seismic Learning),seismic.com,16
MS Amlin,msamlin.com,16
MagMutual,magmutual.com,16
Magellan Health,magellanhealth.com,16
Managed Solutions Pty Ltd,www.mansol.net.au,16
Manulife Financial Advisers Pte Ltd,manulifefa.com.sg,16
Massmart,massmart.co.za,16
Medica,medica.com,16
Mercado Libre,careers-meli.mercadolibre.com,16
Montage International,www.montageinternational.com,16
Mutual of America Financial Group,mutualofamerica.com,16
Northwood Hospitality,northwoodinvestors.com,16
Nova Systems Europe,www.novasystems.com,16
OUTRIGGER Hospitality Group,outrigger.com,16
OVHcloud,www.ovhcloud.com,16
Omnicom Media Group,www.omnicommediagroup.com,16
Ortho Clinical Diagnostics,www.quidelortho.com,16
Own Company,owndata.com,16
Oxford Properties Group,oxfordproperties.com,16
Parkland Corporation,parkland.ca,16
Payoneer,payoneer.com,16
Paysafe,paysafe.com,16
Phoenix Group,thephoenixgroup.com,16
Procore Technologies,procore.com,16
Proximus,www.proximus.com,16
Q4,q4inc.com,16
RIOS,rios.com,16
ROLEX,www.rolex.com,16
Raiffeisen Bank International AG,rbinternational.com,16
Rapid7,rapid7.com,16
Raymond James Ltd.,www.raymondjames.ca,16
Raytheon,www.rtx.com,16
Royal Cyber Inc.,royalcyber.com,16
SITA,sita.aero,16
STIB-MIVB,stib-mivb.be,16
SYSPRO,us.syspro.com,16
Sainsbury's,sainsburys.co.uk,16
Sammons Financial Group Companies,sammonsfinancialgroup.com,16
Schroders,schroders.com,16
Seeberger,www.seeberger.de,16
Sequoia Capital,sequoiacap.com,16
Shelter UK,www.shelter.org.uk,16
Signant Health,signanthealth.com,16
SimCorp,simcorp.com,16
Smith+Nephew,smith-nephew.com,16
"Snyder's-Lance, Inc.",www.snyderslance.com,16
Softtek,softtek.com,16
SonicWall,sonicwall.com,16
Sopra Steria,soprasteria.com,16
Sound Transit,soundtransit.org,16
Southwest Airlines,southwest.com,16
Sphera,sphera.com,16
Stone Point Capital,stonepoint.com,16
SunTec Business Solutions,suntecgroup.com,16
Suntex Marinas,suntex.com,16
TCS,tcs.com,16
TOMS,toms.com,16
TPG Angelo Gordon,angelogordon.com,16
TXOne Networks,txone.com,16
Tangerine,tangerine.io,16
Tavant,tavant.com,16
Texas Christian University,tcu.edu,16
Texas Farm Bureau Insurance Companies,txfb-ins.com,16
The Bancorp,thebancorp.com,16
Thinkproject,thinkproject.com,16
Tiger Analytics,tigeranalytics.com,16
Trianz,trianz.com,16
Twilio,twilio.com,16
Unum,unum.com,16
Vena Solutions,venasolutions.com,16
Visma Finland,visma.fi,16
Vitol,www.vitol.com,16
Voya Investment Management,investments.voya.com,16
WebEngage,webengage.com,16
Zimperium,zimperium.com,16
Zoom,zoom.us,16
iRobot,irobot.com,16
kate spade new york,katespade.com,16
Énergir,energir.com,16
ABBYY,abbyy.com,15
"ADS, Inc.",adspipe.com,15
ASTELLAS PHARMA LTD.,astellas.com,15
Aditya Birla Group,adityabirla.com,15
Aegea Saneamento,aegea.com.br,15
Aflac,aflac.com,15
"Alera Group, Inc.",aleragroup.com,15
Alexander Wang LLC,alexanderwang.com,15
Allied World,www.alliedworldinsurance.com,15
Alnylam Pharmaceuticals,alnylam.com,15
AngloGold Ashanti,anglogoldashanti.com,15
Ann & Robert H. Lurie Children's Hospital of Chicago,luriechildrens.org,15
Ares Management Corporation,www.aresmgmt.com,15
Associated Bank,associatedbank.com,15
Assured Guaranty,assuredguaranty.com,15
Athletics,mlb.com,15
Attain Partners,attainpartners.com,15
Aurora Loan Services,nice.com,15
Axcess Financial,www.axcess-financial.com,15
Axis Communications,www.axis.com,15
BAT,bat.com,15
BC Ferries,bcferries.com,15
BMW Group,www.bmwgroup.com,15
Banco de la Provincia de Buenos Aires,bancoprovincia.com.ar,15
Bharti AXA Life Insurance,bhartiaxa.com,15
BioCatch,biocatch.com,15
Birdeye,birdeye.com,15
Boise State University,boisestate.edu,15
Bourne Leisure Ltd,www.bournecareers.co.uk,15
Braze,braze.com,15
Brigham Young University,byu.edu,15
Brother USA,www.brother-usa.com,15
C3 AI,c3.ai,15
CI Financial,www.cifinancial.com,15
CIM Group,www.cimgroup.com,15
CISO Global,www.ciso.inc,15
CRISPR Therapeutics,crisprtx.com,15
CUNA Mutual Group,trustage.com,15
Carta,carta.com,15
Cenlar FSB,cenlar.com,15
Chainlink Labs,chainlinklabs.com,15
Checkmarx,checkmarx.com,15
Chime,chime.com,15
Cisco Meraki,meraki.cisco.com,15
Citrix,www.citrix.com,15
"Clark Nexsen, A JMT Company",clarknexsen.com,15
"Coborn's, Inc.",cobornsinc.com,15
Coinbase,coinbase.com,15
Coldwater Creek,coldwatercreek.com,15
ConnectWise,connectwise.com,15
"Connor, Clark & Lunn Financial Group (CC&L)",www.cclgroup.com,15
"Consensus, a Target company",target.com,15
Cornell University,cornell.edu,15
Cricut,cricut.com,15
Dana-Farber Cancer Institute,www.dana-farber.org,15
David Yurman,davidyurman.com,15
Derivco,derivco.com,15
Dewberry,dewberry.com,15
Diamond Hill,diamond-hill.com,15
DoubleVerify,doubleverify.com,15
Dow,dow.com,15
Dropbox,www.dropbox.com,15
"EMD Serono, Inc.",www.emdserono.com,15
ENGIE Italia,www.engie.it,15
Eli Lilly and Company,www.lilly.com,15
Emburse,emburse.com,15
Enbridge,enbridge.com,15
Engen,www.engen.co.za,15
Eskom Holdings SOC Ltd,eskom.co.za,15
Essity,www.essity.com,15
Etteplan,etteplan.com,15
Exactech,exac.com,15
EyeCare Partners,eyecare-partners.com,15
Financial Engines,financialengines.com,15
GEP Worldwide,gep.com,15
GPA,gpabr.com,15
GTMfund,www.gtmfund.com,15
GoTo Foods,www.gotofoods.com,15
Grandpoint Bank,ppbi.com,15
Haventree Bank,haventreebank.com,15
HealthEquity,healthequity.com,15
Herbert Smith Freehills,herbertsmithfreehills.com,15
Hines,www.hines.com,15
ICAEW,icaew.com,15
ICBC (Insurance Corporation of British Columbia),icbc.com,15
IQVIA,iqvia.com,15
IU Health Bloomington Hospital,iuhealth.org,15
Imperva,imperva.com,15
Infineon Technologies,www.infineon.com,15
Infinx,infinx.com,15
InfoCamere,infocamere.it,15
InfoVision Inc.,infovision.com,15
Information Security Media Group (ISMG),ismg.io,15
Insight Partners,insightpartners.com,15
Integral Ad Science,integralads.com,15
Intermedia Cloud Communications,www.intermedia.com,15
Ipsos,ipsos.com,15
JEM Managed IT Services,www.jem.com.au,15
Jedox,jedox.com,15
Johns Hopkins All Children's Hospital,hopkinsmedicine.org,15
Julius Baer,www.juliusbaer.com,15
KTGY,ktgy.com,15
Karyopharm Therapeutics Inc.,karyopharm.com,15
Kesko - K-Group,kesko.fi,15
KinderCare Learning Companies,www.kcecareers.com,15
Kirkland's,kirklands.com,15
Legal & General,legalandgeneral.com,15
LendingClub,lendingclub.com,15
Lentra,lentra.ai,15
Life360,life360.com,15
LiveRamp,liveramp.com,15
MFS Investment Management,mfs.com,15
MIG,migcom.com,15
Marks and Spencer,marksandspencer.com,15
Marqeta,marqeta.com,15
